{
    "E_init": 0.004801014915151679,
    "E_PI": 0.0011973980493335489,
    "E_bc": 0.0,
    "E_bc_int_ub": 0.0,
    "E_bc_int_ubdot": 0.08932838126191911,
    "E_bc_sum_ubt": 0.1069861791103089,
    "E_bc_sum_ub0": 0.0,
    "E_ref": 0.05276179635041064,
    "N_SP": 1
}