{
    "E_init": 0.005404665645918104,
    "E_PI": 0.00035601770073075573,
    "E_bc": 0.0,
    "E_bc_int_ub": 0.0,
    "E_bc_int_ubdot": 0.023930890621908424,
    "E_bc_sum_ubt": 0.03515965493674351,
    "E_bc_sum_ub0": 0.0,
    "E_ref": 0.012523820436538526,
    "N_SP": 1
}