{
    "E_init": 0.0026555480949245432,
    "E_PI": 0.001986137613633325,
    "E_bc": 0.0,
    "E_bc_int_ub": 0.0,
    "E_bc_int_ubdot": 0.23254674914295878,
    "E_bc_sum_ubt": 0.35911889641270706,
    "E_bc_sum_ub0": 0.0,
    "E_ref": 0.269037208727307,
    "N_SP": 13
}