{
    "E_init": 0.005195454825937847,
    "E_PI": 0.0007312146827564899,
    "E_bc": 0.0,
    "E_bc_int_ub": 0.0,
    "E_bc_int_ubdot": 0.046883448177223286,
    "E_bc_sum_ubt": 0.05945558103679252,
    "E_bc_sum_ub0": 0.0,
    "E_ref": 0.024886753409394263,
    "N_SP": 1
}