{
    "E_init": 0.0033653150281574376,
    "E_PI": 0.0017196120955800902,
    "E_bc": 0.0,
    "E_bc_int_ub": 0.0,
    "E_bc_int_ubdot": 0.20701346770483253,
    "E_bc_sum_ubt": 0.2807926974394912,
    "E_bc_sum_ub0": 0.0,
    "E_ref": 0.18805067929031533,
    "N_SP": 5
}