{
    "E_init": 0.003788449492829744,
    "E_PI": 0.0015480069239256255,
    "E_bc": 0.0,
    "E_bc_int_ub": 0.0,
    "E_bc_int_ubdot": 0.18024997562982598,
    "E_bc_sum_ubt": 0.23100836133329394,
    "E_bc_sum_ub0": 0.0,
    "E_ref": 0.14376307568227306,
    "N_SP": 4
}