{
    "E_init": 0.0020954756465454637,
    "E_PI": 0.0023883220243335218,
    "E_bc": 0.0,
    "E_bc_int_ub": 0.0,
    "E_bc_int_ubdot": 0.23336945583466026,
    "E_bc_sum_ubt": 0.4154177981691546,
    "E_bc_sum_ub0": 0.0,
    "E_ref": 0.3388810019572802,
    "N_SP": 10
}