{
    "E_init": 0.004994342410200203,
    "E_PI": 0.0010084758063276383,
    "E_bc": 0.0,
    "E_bc_int_ub": 0.0,
    "E_bc_int_ubdot": 0.0687255328261687,
    "E_bc_sum_ubt": 0.08347017198377726,
    "E_bc_sum_ub0": 0.0,
    "E_ref": 0.0384405782766183,
    "N_SP": 1
}