{
    "E_init": 0.0035008296924400988,
    "E_PI": 0.0016981422610253753,
    "E_bc": 0.0,
    "E_bc_int_ub": 0.0,
    "E_bc_int_ubdot": 0.1993647431570926,
    "E_bc_sum_ubt": 0.2650613529814311,
    "E_bc_sum_ub0": 0.0,
    "E_ref": 0.1735243210775145,
    "N_SP": 4
}