{
    "E_init": 0.0032350460415709235,
    "E_PI": 0.0018018171359547753,
    "E_bc": 0.0,
    "E_bc_int_ub": 0.0,
    "E_bc_int_ubdot": 0.21364639555288717,
    "E_bc_sum_ubt": 0.29570327811973696,
    "E_bc_sum_ub0": 0.0,
    "E_ref": 0.20230424099102584,
    "N_SP": 5
}