{
    "E_init": 0.0027624818308628375,
    "E_PI": 0.0020408246961571334,
    "E_bc": 0.0,
    "E_bc_int_ub": 0.0,
    "E_bc_int_ubdot": 0.23046743860441443,
    "E_bc_sum_ubt": 0.3478039850655064,
    "E_bc_sum_ub0": 0.0,
    "E_ref": 0.25631306803467885,
    "N_SP": 7
}