{
    "E_init": 0.00226763491738411,
    "E_PI": 0.0022845161362330716,
    "E_bc": 0.0,
    "E_bc_int_ub": 0.0,
    "E_bc_int_ubdot": 0.23509659020661633,
    "E_bc_sum_ubt": 0.3986340947447795,
    "E_bc_sum_ub0": 0.0,
    "E_ref": 0.3168324736891562,
    "N_SP": 9
}