{
    "E_init": 0.004264786339357978,
    "E_PI": 0.0014316868213327396,
    "E_bc": 0.0,
    "E_bc_int_ub": 0.0,
    "E_bc_int_ubdot": 0.14163604548315212,
    "E_bc_sum_ubt": 0.17306212234211166,
    "E_bc_sum_ub0": 0.0,
    "E_ref": 0.09800430601007577,
    "N_SP": 2
}