{
    "E_init": 0.002989440735630064,
    "E_PI": 0.0019248932716567765,
    "E_bc": 0.0,
    "E_bc_int_ub": 0.0,
    "E_bc_int_ubdot": 0.22382502230948426,
    "E_bc_sum_ubt": 0.32319359393263103,
    "E_bc_sum_ub0": 0.0,
    "E_ref": 0.22992625928184116,
    "N_SP": 6
}