{
    "E_init": 0.004615170991967473,
    "E_PI": 0.0011962644502742734,
    "E_bc": 0.0,
    "E_bc_int_ub": 0.0,
    "E_bc_int_ubdot": 0.10808897036872073,
    "E_bc_sum_ubt": 0.12983351801437082,
    "E_bc_sum_ub0": 0.0,
    "E_ref": 0.06758750535788091,
    "N_SP": 2
}