{
    "E_init": 0.004099699448595078,
    "E_PI": 0.001309487077583965,
    "E_bc": 0.0,
    "E_bc_int_ub": 0.0,
    "E_bc_int_ubdot": 0.15574710989710358,
    "E_bc_sum_ubt": 0.19331431536102978,
    "E_bc_sum_ub0": 0.0,
    "E_ref": 0.1133288281554285,
    "N_SP": 5
}