{
    "E_init": 0.002552753688973498,
    "E_PI": 0.0021477387878152286,
    "E_bc": 0.0,
    "E_bc_int_ub": 0.0,
    "E_bc_int_ubdot": 0.23411782695515615,
    "E_bc_sum_ubt": 0.3698231084712299,
    "E_bc_sum_ub0": 0.0,
    "E_ref": 0.2814496890630761,
    "N_SP": 8
}