{
    "E_init": 0.0031098196761727053,
    "E_PI": 0.0018921524644353355,
    "E_bc": 0.0,
    "E_bc_int_ub": 0.0,
    "E_bc_int_ubdot": 0.21925103771925977,
    "E_bc_sum_ubt": 0.30982579674761795,
    "E_bc_sum_ub0": 0.0,
    "E_ref": 0.21626676092415933,
    "N_SP": 5
}