{
    "E_init": 0.003941002955693437,
    "E_PI": 0.0015437482452270264,
    "E_bc": 0.0,
    "E_bc_int_ub": 0.0,
    "E_bc_int_ubdot": 0.16883823068984108,
    "E_bc_sum_ubt": 0.2126276078815415,
    "E_bc_sum_ub0": 0.0,
    "E_ref": 0.1286045261329973,
    "N_SP": 3
}