{
    "E_init": 0.0036418012676157937,
    "E_PI": 0.0016089239344333427,
    "E_bc": 0.0,
    "E_bc_int_ub": 0.0,
    "E_bc_int_ubdot": 0.19043676682776356,
    "E_bc_sum_ubt": 0.2484769689996107,
    "E_bc_sum_ub0": 0.0,
    "E_ref": 0.1587506018670585,
    "N_SP": 4
}