{
    "E_init": 0.0021798563587159905,
    "E_PI": 0.002328105060974613,
    "E_bc": 0.0,
    "E_bc_int_ub": 0.0,
    "E_bc_int_ubdot": 0.2344499987046851,
    "E_bc_sum_ubt": 0.4072488264555568,
    "E_bc_sum_ub0": 0.0,
    "E_ref": 0.3280110123470015,
    "N_SP": 9
}