{
    "E_init": 0.004436520956824625,
    "E_PI": 0.0013391049338755717,
    "E_bc": 0.0,
    "E_bc_int_ub": 0.0,
    "E_bc_int_ubdot": 0.1256219278715729,
    "E_bc_sum_ubt": 0.15188658947114841,
    "E_bc_sum_ub0": 0.0,
    "E_ref": 0.08271886369496562,
    "N_SP": 2
}