{
    "E_init": 0.002873721579523543,
    "E_PI": 0.0019733054547124563,
    "E_bc": 0.0,
    "E_bc_int_ub": 0.0,
    "E_bc_int_ubdot": 0.22753241046841693,
    "E_bc_sum_ubt": 0.3358411148215222,
    "E_bc_sum_ub0": 0.0,
    "E_ref": 0.2432759973745176,
    "N_SP": 7
}