{
    "E_init": 0.0056937246254063585,
    "E_PI": 0.0020365459083949984,
    "E_bc": 0.0,
    "E_bc_int_ub": 0.0,
    "E_bc_int_ubdot": 0.2348744732359622,
    "E_bc_sum_ubt": 0.3799535348131198,
    "E_bc_sum_ub0": 0.0,
    "E_ref": 0.29355217221911145,
    "N_SP": 53
}