{
    "E_init": 0.0023589481471928504,
    "E_PI": 0.002250527823910629,
    "E_bc": 0.0,
    "E_bc_int_ub": 0.0,
    "E_bc_int_ubdot": 0.23531484179025688,
    "E_bc_sum_ubt": 0.3895459667525195,
    "E_bc_sum_ub0": 0.0,
    "E_ref": 0.3053461738632806,
    "N_SP": 8
}