{
    "E_init": 0.005622300977064986,
    "E_PI": 0.0,
    "E_bc": 0.0,
    "E_bc_int_ub": 0.0,
    "E_bc_int_ubdot": 0.0,
    "E_bc_sum_ubt": 0.0,
    "E_bc_sum_ub0": 0.0,
    "E_ref": 0.004349039963162223,
    "N_SP": 0
}