{
    "E_init": 0.003249581248720512,
    "E_PI": 0.0,
    "E_bc": 0.0,
    "E_bc_int_ub": 0.0,
    "E_bc_int_ubdot": 0.0,
    "E_bc_sum_ubt": 0.0,
    "E_bc_sum_ub0": 0.0,
    "E_ref": 0.002670920084283123,
    "N_SP": 0
}