{
    "E_init": 0.0021048907127324866,
    "E_PI": 0.00173220538135828,
    "E_bc": 0.0,
    "E_bc_int_ub": 0.0,
    "E_bc_int_ubdot": 0.0984510778510715,
    "E_bc_sum_ubt": 0.12772223657246934,
    "E_bc_sum_ub0": 0.0,
    "E_ref": 0.08166181887817567,
    "N_SP": 4
}