{
    "E_init": 0.0026674795917747953,
    "E_PI": 0.0013830209294508086,
    "E_bc": 0.0,
    "E_bc_int_ub": 0.0,
    "E_bc_int_ubdot": 0.05627418296004609,
    "E_bc_sum_ubt": 0.06674237999193253,
    "E_bc_sum_ub0": 0.0,
    "E_ref": 0.03465525746906649,
    "N_SP": 2
}