{
    "E_init": 0.0018697940573299337,
    "E_PI": 0.0018230117284903982,
    "E_bc": 0.0,
    "E_bc_int_ub": 0.0,
    "E_bc_int_ubdot": 0.10955761115755064,
    "E_bc_sum_ubt": 0.15125892661932241,
    "E_bc_sum_ub0": 0.0,
    "E_ref": 0.10368862729285858,
    "N_SP": 6
}