{
    "E_init": 0.0022778235029066248,
    "E_PI": 0.0016981980765417466,
    "E_bc": 0.0,
    "E_bc_int_ub": 0.0,
    "E_bc_int_ubdot": 0.087576892036299,
    "E_bc_sum_ubt": 0.10945427866620178,
    "E_bc_sum_ub0": 0.0,
    "E_ref": 0.0661866561208953,
    "N_SP": 3
}