{
    "E_init": 0.001797415639578292,
    "E_PI": 0.001874752641478031,
    "E_bc": 0.0,
    "E_bc_int_ub": 0.0,
    "E_bc_int_ubdot": 0.11207442279512651,
    "E_bc_sum_ubt": 0.15812940594735722,
    "E_bc_sum_ub0": 0.0,
    "E_ref": 0.11065644075621449,
    "N_SP": 6
}