{
    "E_init": 0.002369547007157742,
    "E_PI": 0.0014270674737816595,
    "E_bc": 0.0,
    "E_bc_int_ub": 0.0,
    "E_bc_int_ubdot": 0.08072799769571151,
    "E_bc_sum_ubt": 0.09953537215344338,
    "E_bc_sum_ub0": 0.0,
    "E_ref": 0.058299838655090405,
    "N_SP": 7
}