{
    "E_init": 0.002464964037804284,
    "E_PI": 0.0016267769215698672,
    "E_bc": 0.0,
    "E_bc_int_ub": 0.0,
    "E_bc_int_ubdot": 0.07368383532539634,
    "E_bc_sum_ubt": 0.08910127722534102,
    "E_bc_sum_ub0": 0.0,
    "E_ref": 0.0503754298807952,
    "N_SP": 2
}