{
    "E_init": 0.0031237922356386867,
    "E_PI": 0.0004233227645470671,
    "E_bc": 0.0,
    "E_bc_int_ub": 0.0,
    "E_bc_int_ubdot": 0.01215580388585826,
    "E_bc_sum_ubt": 0.017321748796039822,
    "E_bc_sum_ub0": 0.0,
    "E_ref": 0.006177918988272934,
    "N_SP": 1
}