{
    "E_init": 0.0016609555050427279,
    "E_PI": 0.0018091054813984715,
    "E_bc": 0.0,
    "E_bc_int_ub": 0.0,
    "E_bc_int_ubdot": 0.11538190089518727,
    "E_bc_sum_ubt": 0.1705445322356547,
    "E_bc_sum_ub0": 0.0,
    "E_ref": 0.12401264456264229,
    "N_SP": 12
}