{
    "E_init": 0.001727838939660598,
    "E_PI": 0.0019183259730262323,
    "E_bc": 0.0,
    "E_bc_int_ub": 0.0,
    "E_bc_int_ubdot": 0.11405145537789546,
    "E_bc_sum_ubt": 0.16454908899552506,
    "E_bc_sum_ub0": 0.0,
    "E_ref": 0.11743062923565199,
    "N_SP": 6
}