{
    "E_init": 0.0013106491339640205,
    "E_PI": 0.0020969626383563872,
    "E_bc": 0.0,
    "E_bc_int_ub": 0.0,
    "E_bc_int_ubdot": 0.11639987191967446,
    "E_bc_sum_ubt": 0.19914631946179945,
    "E_bc_sum_ub0": 0.0,
    "E_ref": 0.15958919487710532,
    "N_SP": 9
}