{
    "E_init": 0.0030028724271100107,
    "E_PI": 0.0008336954541926791,
    "E_bc": 0.0,
    "E_bc_int_ub": 0.0,
    "E_bc_int_ubdot": 0.024229945267733193,
    "E_bc_sum_ubt": 0.029989019151979802,
    "E_bc_sum_ub0": 0.0,
    "E_ref": 0.012564144141539973,
    "N_SP": 1
}