{
    "E_init": 0.0021896505512323046,
    "E_PI": 0.001677241798592034,
    "E_bc": 0.0,
    "E_bc_int_ub": 0.0,
    "E_bc_int_ubdot": 0.09332221965471252,
    "E_bc_sum_ubt": 0.1188505586461441,
    "E_bc_sum_ub0": 0.0,
    "E_ref": 0.07398693904884798,
    "N_SP": 4
}