{
    "E_init": 0.0012599148243901954,
    "E_PI": 0.0021667904205089463,
    "E_bc": 0.0,
    "E_bc_int_ub": 0.0,
    "E_bc_int_ubdot": 0.11557524296138912,
    "E_bc_sum_ubt": 0.20291599076127123,
    "E_bc_sum_ub0": 0.0,
    "E_ref": 0.16486051446348818,
    "N_SP": 10
}