{
    "E_init": 0.0012111444043892783,
    "E_PI": 0.0023114201207269716,
    "E_bc": 0.0,
    "E_bc_int_ub": 0.0,
    "E_bc_int_ubdot": 0.11457727189469465,
    "E_bc_sum_ubt": 0.20645334547100752,
    "E_bc_sum_ub0": 0.0,
    "E_ref": 0.16993114200100518,
    "N_SP": 10
}