{
    "E_init": 0.001534855449671621,
    "E_PI": 0.0018197238711395885,
    "E_bc": 0.0,
    "E_bc_int_ub": 0.0,
    "E_bc_int_ubdot": 0.11700386411093484,
    "E_bc_sum_ubt": 0.18137464020154487,
    "E_bc_sum_ub0": 0.0,
    "E_ref": 0.13661137739256674,
    "N_SP": 18
}