{
    "E_init": 0.002023411868187833,
    "E_PI": 0.001735404680765012,
    "E_bc": 0.0,
    "E_bc_int_ub": 0.0,
    "E_bc_int_ubdot": 0.10277703884731458,
    "E_bc_sum_ubt": 0.13607327619212312,
    "E_bc_sum_ub0": 0.0,
    "E_ref": 0.08918233254982501,
    "N_SP": 5
}