{
    "E_init": 0.0014754422707232648,
    "E_PI": 0.0019847161764312963,
    "E_bc": 0.0,
    "E_bc_int_ub": 0.0,
    "E_bc_int_ubdot": 0.11738451516740311,
    "E_bc_sum_ubt": 0.18626517250335672,
    "E_bc_sum_ub0": 0.0,
    "E_ref": 0.14263315580911992,
    "N_SP": 8
}