{
    "E_init": 0.002886633339638195,
    "E_PI": 0.0011457664436090558,
    "E_bc": 0.0,
    "E_bc_int_ub": 0.0,
    "E_bc_int_ubdot": 0.03581450523318954,
    "E_bc_sum_ubt": 0.04257741571158501,
    "E_bc_sum_ub0": 0.0,
    "E_ref": 0.019596291626118287,
    "N_SP": 1
}