{
    "E_init": 0.0013634264151087046,
    "E_PI": 0.0020640487275113187,
    "E_bc": 0.0,
    "E_bc_int_ub": 0.0,
    "E_bc_int_ubdot": 0.1170099183358639,
    "E_bc_sum_ubt": 0.19512789787820242,
    "E_bc_sum_ub0": 0.0,
    "E_ref": 0.15412432003145063,
    "N_SP": 8
}