{
    "E_init": 0.0019450870126214068,
    "E_PI": 0.0018032363655476516,
    "E_bc": 0.0,
    "E_bc_int_ub": 0.0,
    "E_bc_int_ubdot": 0.10651598206358343,
    "E_bc_sum_ubt": 0.14391365259432118,
    "E_bc_sum_ub0": 0.0,
    "E_ref": 0.09652862283906617,
    "N_SP": 5
}