{
    "E_init": 0.0026086047046616346,
    "E_PI": 0.0018402847340315514,
    "E_bc": 0.0,
    "E_bc_int_ub": 0.0,
    "E_bc_int_ubdot": 0.11719060427101921,
    "E_bc_sum_ubt": 0.19084148552582475,
    "E_bc_sum_ub0": 0.0,
    "E_ref": 0.14847120784053836,
    "N_SP": 138
}