{
    "E_init": 0.0015966610813121585,
    "E_PI": 0.0019218220385004217,
    "E_bc": 0.0,
    "E_bc_int_ub": 0.0,
    "E_bc_int_ubdot": 0.11648035927524217,
    "E_bc_sum_ubt": 0.17614364104619487,
    "E_bc_sum_ub0": 0.0,
    "E_ref": 0.13040525569930925,
    "N_SP": 8
}