{
    "E_init": 0.002774893785791018,
    "E_PI": 0.0011712112820059899,
    "E_bc": 0.0,
    "E_bc_int_ub": 0.0,
    "E_bc_int_ubdot": 0.04634014998766877,
    "E_bc_sum_ubt": 0.05486321129452297,
    "E_bc_sum_ub0": 0.0,
    "E_ref": 0.027000884853078017,
    "N_SP": 2
}