{
    "E_init": 0.0025642233259413508,
    "E_PI": 0.0015340735655710517,
    "E_bc": 0.0,
    "E_bc_int_ub": 0.0,
    "E_bc_int_ubdot": 0.06538770030311665,
    "E_bc_sum_ubt": 0.07816432396003767,
    "E_bc_sum_ub0": 0.0,
    "E_ref": 0.042471709349767454,
    "N_SP": 2
}