{
    "E_init": 0.0021023199679074327,
    "E_PI": 0.001954545884331519,
    "E_bc": 0.0,
    "E_bc_int_ub": 0.0,
    "E_bc_int_ubdot": 0.07988699052372593,
    "E_bc_sum_ubt": 0.10197412132359221,
    "E_bc_sum_ub0": 0.0,
    "E_ref": 0.06607560566271774,
    "N_SP": 6
}