{
    "E_init": 0.0028004874780462262,
    "E_PI": 0.0013851397287391997,
    "E_bc": 0.0,
    "E_bc_int_ub": 0.0,
    "E_bc_int_ubdot": 0.04032862392057607,
    "E_bc_sum_ubt": 0.044451829908740866,
    "E_bc_sum_ub0": 0.0,
    "E_ref": 0.022671598369201185,
    "N_SP": 2
}