{
    "E_init": 0.0021881433334480418,
    "E_PI": 0.001871587561402597,
    "E_bc": 0.0,
    "E_bc_int_ub": 0.0,
    "E_bc_int_ubdot": 0.076101723298086,
    "E_bc_sum_ubt": 0.09502767675842584,
    "E_bc_sum_ub0": 0.0,
    "E_ref": 0.060007390638103834,
    "N_SP": 5
}