{
    "E_init": 0.002619823594352178,
    "E_PI": 0.001486680693384762,
    "E_bc": 0.0,
    "E_bc_int_ub": 0.0,
    "E_bc_int_ubdot": 0.051967904410321245,
    "E_bc_sum_ubt": 0.059212983997140346,
    "E_bc_sum_ub0": 0.0,
    "E_ref": 0.03240185653820816,
    "N_SP": 3
}