{
    "E_init": 0.003074537932281973,
    "E_PI": 0.001056559048984973,
    "E_bc": 0.0,
    "E_bc_int_ub": 0.0,
    "E_bc_int_ubdot": 0.02241085584835296,
    "E_bc_sum_ubt": 0.02376113500701735,
    "E_bc_sum_ub0": 0.0,
    "E_ref": 0.010602169470397951,
    "N_SP": 1
}