{
    "E_init": 0.0015887667930299706,
    "E_PI": 0.0023395199663487705,
    "E_bc": 0.0,
    "E_bc_int_ub": 0.0,
    "E_bc_int_ubdot": 0.09362057558943739,
    "E_bc_sum_ubt": 0.14042673394987423,
    "E_bc_sum_ub0": 0.0,
    "E_ref": 0.10491165765931865,
    "N_SP": 8
}