{
    "E_init": 0.002060678972303269,
    "E_PI": 0.0020396625682960936,
    "E_bc": 0.0,
    "E_bc_int_ub": 0.0,
    "E_bc_int_ubdot": 0.08170280894254925,
    "E_bc_sum_ubt": 0.10530428960840768,
    "E_bc_sum_ub0": 0.0,
    "E_ref": 0.06907466120544922,
    "N_SP": 5
}