{
    "E_init": 0.0026727634574955222,
    "E_PI": 0.0014272666458070282,
    "E_bc": 0.0,
    "E_bc_int_ub": 0.0,
    "E_bc_int_ubdot": 0.04855719275987519,
    "E_bc_sum_ubt": 0.05483872103042829,
    "E_bc_sum_ub0": 0.0,
    "E_ref": 0.02942273048556506,
    "N_SP": 3
}