{
    "E_init": 0.0030951094706271618,
    "E_PI": 0.0010191090568612293,
    "E_bc": 0.0,
    "E_bc_int_ub": 0.0,
    "E_bc_int_ubdot": 0.02106840427692211,
    "E_bc_sum_ubt": 0.022350404900087002,
    "E_bc_sum_ub0": 0.0,
    "E_ref": 0.00985352324735575,
    "N_SP": 1
}