{
    "E_init": 0.002354688764175027,
    "E_PI": 0.0017359038465660827,
    "E_bc": 0.0,
    "E_bc_int_ub": 0.0,
    "E_bc_int_ubdot": 0.06768011157940511,
    "E_bc_sum_ubt": 0.08130328718854685,
    "E_bc_sum_ub0": 0.0,
    "E_ref": 0.048725920343267566,
    "N_SP": 4
}