{
    "E_init": 0.0019798550143849615,
    "E_PI": 0.002130164937432282,
    "E_bc": 0.0,
    "E_bc_int_ub": 0.0,
    "E_bc_int_ubdot": 0.08479358941979305,
    "E_bc_sum_ubt": 0.11168169154058595,
    "E_bc_sum_ub0": 0.0,
    "E_ref": 0.07498805161773331,
    "N_SP": 5
}