{
    "E_init": 0.003136666396852992,
    "E_PI": 0.0009350804145893449,
    "E_bc": 0.0,
    "E_bc_int_ub": 0.0,
    "E_bc_int_ubdot": 0.01840722070064333,
    "E_bc_sum_ubt": 0.019587783715260453,
    "E_bc_sum_ub0": 0.0,
    "E_ref": 0.008421446395270869,
    "N_SP": 1
}