{
    "E_init": 0.002500339252705451,
    "E_PI": 0.001658771583629416,
    "E_bc": 0.0,
    "E_bc_int_ub": 0.0,
    "E_bc_int_ubdot": 0.059418172458029904,
    "E_bc_sum_ubt": 0.06916012478039428,
    "E_bc_sum_ub0": 0.0,
    "E_ref": 0.039483287790806336,
    "N_SP": 3
}