{
    "E_init": 0.001664689591942143,
    "E_PI": 0.0022854962724815353,
    "E_bc": 0.0,
    "E_bc_int_ub": 0.0,
    "E_bc_int_ubdot": 0.09269220826930939,
    "E_bc_sum_ubt": 0.1351719591424615,
    "E_bc_sum_ub0": 0.0,
    "E_ref": 0.09896995895162551,
    "N_SP": 8
}