{
    "E_init": 0.0022175227502158816,
    "E_PI": 0.0019164428564643508,
    "E_bc": 0.0,
    "E_bc_int_ub": 0.0,
    "E_bc_int_ubdot": 0.07481565975878558,
    "E_bc_sum_ubt": 0.09262716746199914,
    "E_bc_sum_ub0": 0.0,
    "E_ref": 0.057967617039492485,
    "N_SP": 4
}