{
    "E_init": 0.001914928641196335,
    "E_PI": 0.0021245964511349487,
    "E_bc": 0.0,
    "E_bc_int_ub": 0.0,
    "E_bc_int_ubdot": 0.08683118851029412,
    "E_bc_sum_ubt": 0.11671272236275607,
    "E_bc_sum_ub0": 0.0,
    "E_ref": 0.07981839899229183,
    "N_SP": 7
}