{
    "E_init": 0.001864523924912779,
    "E_PI": 0.0022007729368130466,
    "E_bc": 0.0,
    "E_bc_int_ub": 0.0,
    "E_bc_int_ubdot": 0.08842159777740802,
    "E_bc_sum_ubt": 0.12055601538118722,
    "E_bc_sum_ub0": 0.0,
    "E_ref": 0.08361249521748192,
    "N_SP": 6
}