{
    "E_init": 0.001526452176271237,
    "E_PI": 0.0023273391291916156,
    "E_bc": 0.0,
    "E_bc_int_ub": 0.0,
    "E_bc_int_ubdot": 0.09394202344047642,
    "E_bc_sum_ubt": 0.1445993723150535,
    "E_bc_sum_ub0": 0.0,
    "E_ref": 0.10982282831135282,
    "N_SP": 12
}