{
    "E_init": 0.002386304326786383,
    "E_PI": 0.0016922640802463397,
    "E_bc": 0.0,
    "E_bc_int_ub": 0.0,
    "E_bc_int_ubdot": 0.06592121230811361,
    "E_bc_sum_ubt": 0.07867322591933171,
    "E_bc_sum_ub0": 0.0,
    "E_ref": 0.0466667574464126,
    "N_SP": 4
}