{
    "E_init": 0.0015469473028826095,
    "E_PI": 0.0023254336802980597,
    "E_bc": 0.0,
    "E_bc_int_ub": 0.0,
    "E_bc_int_ubdot": 0.09385077994640244,
    "E_bc_sum_ubt": 0.1432416142167056,
    "E_bc_sum_ub0": 0.0,
    "E_ref": 0.108204429948525,
    "N_SP": 11
}