{
    "E_init": 0.0013447953197790307,
    "E_PI": 0.002369682995619819,
    "E_bc": 0.0,
    "E_bc_int_ub": 0.0,
    "E_bc_int_ubdot": 0.09335831181015627,
    "E_bc_sum_ubt": 0.15594489452769622,
    "E_bc_sum_ub0": 0.0,
    "E_ref": 0.1242767949435912,
    "N_SP": 18
}