{
    "E_init": 0.0018398213032786665,
    "E_PI": 0.0021803116401841773,
    "E_bc": 0.0,
    "E_bc_int_ub": 0.0,
    "E_bc_int_ubdot": 0.08904169993249503,
    "E_bc_sum_ubt": 0.12241825739809864,
    "E_bc_sum_ub0": 0.0,
    "E_ref": 0.08548490666357085,
    "N_SP": 7
}