{
    "E_init": 0.0032430162464865907,
    "E_PI": 0.0006645784978536612,
    "E_bc": 0.0,
    "E_bc_int_ub": 0.0,
    "E_bc_int_ubdot": 0.011970849222698286,
    "E_bc_sum_ubt": 0.01318693708098495,
    "E_bc_sum_ub0": 0.0,
    "E_ref": 0.005323854079276704,
    "N_SP": 1
}