{
    "E_init": 0.0015993971308967474,
    "E_PI": 0.0023136187854442426,
    "E_bc": 0.0,
    "E_bc_int_ub": 0.0,
    "E_bc_int_ubdot": 0.09344636953064896,
    "E_bc_sum_ubt": 0.13970196233589366,
    "E_bc_sum_ub0": 0.0,
    "E_ref": 0.10407679631035446,
    "N_SP": 10
}