{
    "E_init": 0.0017676598256336576,
    "E_PI": 0.0022375061533894255,
    "E_bc": 0.0,
    "E_bc_int_ub": 0.0,
    "E_bc_int_ubdot": 0.09082181565095691,
    "E_bc_sum_ubt": 0.1277725517282692,
    "E_bc_sum_ub0": 0.0,
    "E_ref": 0.09099936250455241,
    "N_SP": 7
}