{
    "E_init": 0.001721131516390113,
    "E_PI": 0.0022607072349947223,
    "E_bc": 0.0,
    "E_bc_int_ub": 0.0,
    "E_bc_int_ubdot": 0.09173161072652324,
    "E_bc_sum_ubt": 0.1311528796185702,
    "E_bc_sum_ub0": 0.0,
    "E_ref": 0.09458727385635374,
    "N_SP": 8
}