{
    "E_init": 0.0016426345265291764,
    "E_PI": 0.002343225409371236,
    "E_bc": 0.0,
    "E_bc_int_ub": 0.0,
    "E_bc_int_ubdot": 0.09306219065363827,
    "E_bc_sum_ubt": 0.13671690797588715,
    "E_bc_sum_ub0": 0.0,
    "E_ref": 0.10069080617862632,
    "N_SP": 7
}