{
    "E_init": 0.0015572978291926284,
    "E_PI": 0.0022957838124798543,
    "E_bc": 0.0,
    "E_bc_int_ub": 0.0,
    "E_bc_int_ubdot": 0.09375271956463278,
    "E_bc_sum_ubt": 0.14255040705790542,
    "E_bc_sum_ub0": 0.0,
    "E_ref": 0.10738824088367349,
    "N_SP": 13
}