{
    "E_init": 0.00272677309843447,
    "E_PI": 0.0012659074928474065,
    "E_bc": 0.0,
    "E_bc_int_ub": 0.0,
    "E_bc_int_ubdot": 0.04490708303946993,
    "E_bc_sum_ubt": 0.05041212621873452,
    "E_bc_sum_ub0": 0.0,
    "E_ref": 0.02649031694638933,
    "N_SP": 5
}