{
    "E_init": 0.0013537932599887751,
    "E_PI": 0.0024093870284348207,
    "E_bc": 0.0,
    "E_bc_int_ub": 0.0,
    "E_bc_int_ubdot": 0.09351085560588127,
    "E_bc_sum_ubt": 0.1554142813387956,
    "E_bc_sum_ub0": 0.0,
    "E_ref": 0.12355699866061975,
    "N_SP": 12
}