{
    "E_init": 0.0021305470650872026,
    "E_PI": 0.0018617437881298798,
    "E_bc": 0.0,
    "E_bc_int_ub": 0.0,
    "E_bc_int_ubdot": 0.07858394233017282,
    "E_bc_sum_ubt": 0.09970112703629982,
    "E_bc_sum_ub0": 0.0,
    "E_ref": 0.06406245577146519,
    "N_SP": 8
}