{
    "E_init": 0.001309397642239168,
    "E_PI": 0.0024359086202180376,
    "E_bc": 0.0,
    "E_bc_int_ub": 0.0,
    "E_bc_int_ubdot": 0.09297596337682537,
    "E_bc_sum_ubt": 0.1579979736029381,
    "E_bc_sum_ub0": 0.0,
    "E_ref": 0.1271115591377978,
    "N_SP": 13
}