{
    "E_init": 0.00215915315739015,
    "E_PI": 0.001904559809474665,
    "E_bc": 0.0,
    "E_bc_int_ub": 0.0,
    "E_bc_int_ubdot": 0.07744998852779669,
    "E_bc_sum_ubt": 0.09738566880836642,
    "E_bc_sum_ub0": 0.0,
    "E_ref": 0.06203937826212457,
    "N_SP": 5
}