{
    "E_init": 0.002434525369130907,
    "E_PI": 0.0015698120804571109,
    "E_bc": 0.0,
    "E_bc_int_ub": 0.0,
    "E_bc_int_ubdot": 0.06303812541851994,
    "E_bc_sum_ubt": 0.0746535107773477,
    "E_bc_sum_ub0": 0.0,
    "E_ref": 0.04358132538969304,
    "N_SP": 6
}