{
    "E_init": 0.0019406397021539947,
    "E_PI": 0.002101267268509932,
    "E_bc": 0.0,
    "E_bc_int_ub": 0.0,
    "E_bc_int_ubdot": 0.0859937129491449,
    "E_bc_sum_ubt": 0.11473085448879436,
    "E_bc_sum_ub0": 0.0,
    "E_ref": 0.07789758165659838,
    "N_SP": 7
}