{
    "E_init": 0.0014763944685446111,
    "E_PI": 0.0023618773662142066,
    "E_bc": 0.0,
    "E_bc_int_ub": 0.0,
    "E_bc_int_ubdot": 0.0940868241324597,
    "E_bc_sum_ubt": 0.14785268267861057,
    "E_bc_sum_ub0": 0.0,
    "E_ref": 0.11378739862613559,
    "N_SP": 11
}