{
    "E_init": 0.0013628514048458942,
    "E_PI": 0.0023632951178615053,
    "E_bc": 0.0,
    "E_bc_int_ub": 0.0,
    "E_bc_int_ubdot": 0.09354082227920142,
    "E_bc_sum_ubt": 0.15487660730849484,
    "E_bc_sum_ub0": 0.0,
    "E_ref": 0.12283271909260697,
    "N_SP": 17
}