{
    "E_init": 0.0016758279244420962,
    "E_PI": 0.0023196331678842553,
    "E_bc": 0.0,
    "E_bc_int_ub": 0.0,
    "E_bc_int_ubdot": 0.09257524554305627,
    "E_bc_sum_ubt": 0.1343861678486976,
    "E_bc_sum_ub0": 0.0,
    "E_ref": 0.098102597883762,
    "N_SP": 7
}