{
    "E_init": 0.0019022011340291366,
    "E_PI": 0.0020995969876796998,
    "E_bc": 0.0,
    "E_bc_int_ub": 0.0,
    "E_bc_int_ubdot": 0.08715997258956423,
    "E_bc_sum_ubt": 0.1176885305311465,
    "E_bc_sum_ub0": 0.0,
    "E_ref": 0.08077295990143848,
    "N_SP": 9
}