{
    "E_init": 0.0029343150785377157,
    "E_PI": 0.0011733850968946103,
    "E_bc": 0.0,
    "E_bc_int_ub": 0.0,
    "E_bc_int_ubdot": 0.03135008731270477,
    "E_bc_sum_ubt": 0.033982962935883494,
    "E_bc_sum_ub0": 0.0,
    "E_ref": 0.01632609900908472,
    "N_SP": 2
}