{
    "E_init": 0.0014665816636307558,
    "E_PI": 0.0023741849228157788,
    "E_bc": 0.0,
    "E_bc_int_ub": 0.0,
    "E_bc_int_ubdot": 0.09411288729005997,
    "E_bc_sum_ubt": 0.1484796357825649,
    "E_bc_sum_ub0": 0.0,
    "E_ref": 0.11456640273694776,
    "N_SP": 10
}