{
    "E_init": 0.0019277413073069242,
    "E_PI": 0.00211321468020756,
    "E_bc": 0.0,
    "E_bc_int_ub": 0.0,
    "E_bc_int_ubdot": 0.08641889778386261,
    "E_bc_sum_ubt": 0.11572685227966104,
    "E_bc_sum_ub0": 0.0,
    "E_ref": 0.07885992909938255,
    "N_SP": 7
}