{
    "E_init": 0.0020064378184994672,
    "E_PI": 0.0020116108523979804,
    "E_bc": 0.0,
    "E_bc_int_ub": 0.0,
    "E_bc_int_ubdot": 0.08363326573910965,
    "E_bc_sum_ubt": 0.10959749921802278,
    "E_bc_sum_ub0": 0.0,
    "E_ref": 0.0730303493430315,
    "N_SP": 8
}