{
    "E_init": 0.0013269784553687864,
    "E_PI": 0.00241614497575114,
    "E_bc": 0.0,
    "E_bc_int_ub": 0.0,
    "E_bc_int_ubdot": 0.09320203101475719,
    "E_bc_sum_ubt": 0.15698519290369345,
    "E_bc_sum_ub0": 0.0,
    "E_ref": 0.12570303231605298,
    "N_SP": 13
}