{
    "E_init": 0.0014862729303139048,
    "E_PI": 0.0023574591884979374,
    "E_bc": 0.0,
    "E_bc_int_ub": 0.0,
    "E_bc_int_ubdot": 0.09407757819659075,
    "E_bc_sum_ubt": 0.14721791058559036,
    "E_bc_sum_ub0": 0.0,
    "E_ref": 0.11300377532422072,
    "N_SP": 11
}