{
    "E_init": 0.0022623331531631493,
    "E_PI": 0.0018042530830487315,
    "E_bc": 0.0,
    "E_bc_int_ub": 0.0,
    "E_bc_int_ubdot": 0.07246395850373157,
    "E_bc_sum_ubt": 0.08894688884031154,
    "E_bc_sum_ub0": 0.0,
    "E_ref": 0.054895955434370605,
    "N_SP": 5
}