{
    "E_init": 0.0014568340791863135,
    "E_PI": 0.0023814079799162474,
    "E_bc": 0.0,
    "E_bc_int_ub": 0.0,
    "E_bc_int_ubdot": 0.09414032871074714,
    "E_bc_sum_ubt": 0.1490988181392658,
    "E_bc_sum_ub0": 0.0,
    "E_ref": 0.11534077708281903,
    "N_SP": 9
}