{
    "E_init": 0.001409059392448183,
    "E_PI": 0.002348409819131024,
    "E_bc": 0.0,
    "E_bc_int_ub": 0.0,
    "E_bc_int_ubdot": 0.09388024748616826,
    "E_bc_sum_ubt": 0.1520803405968545,
    "E_bc_sum_ub0": 0.0,
    "E_ref": 0.11914370447647972,
    "N_SP": 15
}