{
    "E_init": 0.002895439055456499,
    "E_PI": 0.0012298030364914499,
    "E_bc": 0.0,
    "E_bc_int_ub": 0.0,
    "E_bc_int_ubdot": 0.033951119336669264,
    "E_bc_sum_ubt": 0.036966536334736816,
    "E_bc_sum_ub0": 0.0,
    "E_ref": 0.01808688856383043,
    "N_SP": 2
}