{
    "E_init": 0.0030136400563747106,
    "E_PI": 0.001155625237730007,
    "E_bc": 0.0,
    "E_bc_int_ub": 0.0,
    "E_bc_int_ubdot": 0.026467985822950794,
    "E_bc_sum_ubt": 0.02808232524415136,
    "E_bc_sum_ub0": 0.0,
    "E_ref": 0.01296076110442028,
    "N_SP": 1
}