{
    "E_init": 0.00283808862030823,
    "E_PI": 0.0013293475540125462,
    "E_bc": 0.0,
    "E_bc_int_ub": 0.0,
    "E_bc_int_ubdot": 0.037802819740374534,
    "E_bc_sum_ubt": 0.04145780972376964,
    "E_bc_sum_ub0": 0.0,
    "E_ref": 0.02080941606138356,
    "N_SP": 2
}