{
    "E_init": 0.0015677176102178497,
    "E_PI": 0.002331150087416031,
    "E_bc": 0.0,
    "E_bc_int_ub": 0.0,
    "E_bc_int_ubdot": 0.09372952464701459,
    "E_bc_sum_ubt": 0.1418508935858796,
    "E_bc_sum_ub0": 0.0,
    "E_ref": 0.10656737573720229,
    "N_SP": 10
}