{
    "E_init": 0.0021448024203994526,
    "E_PI": 0.0019247010101820427,
    "E_bc": 0.0,
    "E_bc_int_ub": 0.0,
    "E_bc_int_ubdot": 0.07810160278038569,
    "E_bc_sum_ubt": 0.09854871150560791,
    "E_bc_sum_ub0": 0.0,
    "E_ref": 0.06305209555101751,
    "N_SP": 5
}