{
    "E_init": 0.0017326474982275052,
    "E_PI": 0.002272615598824964,
    "E_bc": 0.0,
    "E_bc_int_ub": 0.0,
    "E_bc_int_ubdot": 0.09155945486909783,
    "E_bc_sum_ubt": 0.13032173249180537,
    "E_bc_sum_ub0": 0.0,
    "E_ref": 0.0936970558727686,
    "N_SP": 7
}