{
    "E_init": 0.0025851141920566665,
    "E_PI": 0.001542185718958773,
    "E_bc": 0.0,
    "E_bc_int_ub": 0.0,
    "E_bc_int_ubdot": 0.054170925366788567,
    "E_bc_sum_ubt": 0.06209472722829455,
    "E_bc_sum_ub0": 0.0,
    "E_ref": 0.03440916199092259,
    "N_SP": 3
}