{
    "E_init": 0.0021735999142520565,
    "E_PI": 0.001876216041212124,
    "E_bc": 0.0,
    "E_bc_int_ub": 0.0,
    "E_bc_int_ubdot": 0.0767112212130159,
    "E_bc_sum_ubt": 0.09621199286307083,
    "E_bc_sum_ub0": 0.0,
    "E_ref": 0.06102443467239181,
    "N_SP": 6
}