{
    "E_init": 0.002116386457502363,
    "E_PI": 0.001939376471544152,
    "E_bc": 0.0,
    "E_bc_int_ub": 0.0,
    "E_bc_int_ubdot": 0.07928136992575155,
    "E_bc_sum_ubt": 0.100842930628286,
    "E_bc_sum_ub0": 0.0,
    "E_ref": 0.0650703420990056,
    "N_SP": 6
}