{
    "E_init": 0.002567932319740593,
    "E_PI": 0.0015681973577505559,
    "E_bc": 0.0,
    "E_bc_int_ub": 0.0,
    "E_bc_int_ubdot": 0.05525048561512938,
    "E_bc_sum_ubt": 0.06352425080488784,
    "E_bc_sum_ub0": 0.0,
    "E_ref": 0.03541820394588863,
    "N_SP": 3
}