{
    "E_init": 0.001381149922499447,
    "E_PI": 0.0024025429812884985,
    "E_bc": 0.0,
    "E_bc_int_ub": 0.0,
    "E_bc_int_ubdot": 0.09376518095889401,
    "E_bc_sum_ubt": 0.15377985977264436,
    "E_bc_sum_ub0": 0.0,
    "E_ref": 0.12137068358976212,
    "N_SP": 11
}