{
    "E_init": 0.0033085492223063214,
    "E_PI": 0.00047160132043946065,
    "E_bc": 0.0,
    "E_bc_int_ub": 0.0,
    "E_bc_int_ubdot": 0.008333571434802413,
    "E_bc_sum_ubt": 0.009919763174560786,
    "E_bc_sum_ub0": 0.0,
    "E_ref": 0.003942010607930394,
    "N_SP": 1
}