{
    "E_init": 0.0029737130760558537,
    "E_PI": 0.0011102903883401345,
    "E_bc": 0.0,
    "E_bc_int_ub": 0.0,
    "E_bc_int_ubdot": 0.028730580913357964,
    "E_bc_sum_ubt": 0.031018073702929236,
    "E_bc_sum_ub0": 0.0,
    "E_ref": 0.014615199500907719,
    "N_SP": 2
}