{
    "E_init": 0.0015062285845815994,
    "E_PI": 0.002347954829191948,
    "E_bc": 0.0,
    "E_bc_int_ub": 0.0,
    "E_bc_int_ubdot": 0.09403506985972862,
    "E_bc_sum_ubt": 0.14592464977987574,
    "E_bc_sum_ub0": 0.0,
    "E_ref": 0.1114226041153679,
    "N_SP": 11
}