{
    "E_init": 0.00161009859568011,
    "E_PI": 0.00231861494012927,
    "E_bc": 0.0,
    "E_bc_int_ub": 0.0,
    "E_bc_int_ubdot": 0.0933625362639044,
    "E_bc_sum_ubt": 0.13896865865313854,
    "E_bc_sum_ub0": 0.0,
    "E_ref": 0.10323728457981768,
    "N_SP": 9
}