{
    "E_init": 0.0014184873194931038,
    "E_PI": 0.002389610134194003,
    "E_bc": 0.0,
    "E_bc_int_ub": 0.0,
    "E_bc_int_ubdot": 0.09400692781683037,
    "E_bc_sum_ubt": 0.1514990960385805,
    "E_bc_sum_ub0": 0.0,
    "E_ref": 0.11839228562264754,
    "N_SP": 10
}