{
    "E_init": 0.003375406450178272,
    "E_PI": 0.00028778329062488533,
    "E_bc": 0.0,
    "E_bc_int_ub": 0.0,
    "E_bc_int_ubdot": 0.004936964257114744,
    "E_bc_sum_ubt": 0.007441047503119217,
    "E_bc_sum_ub0": 0.0,
    "E_ref": 0.0031321334622172706,
    "N_SP": 1
}