{
    "E_init": 0.002033377540403133,
    "E_PI": 0.0020721752926464295,
    "E_bc": 0.0,
    "E_bc_int_ub": 0.0,
    "E_bc_int_ubdot": 0.08278847261315846,
    "E_bc_sum_ubt": 0.10747179414959568,
    "E_bc_sum_ub0": 0.0,
    "E_ref": 0.07105898152589776,
    "N_SP": 5
}