{
    "E_init": 0.0027818741346131177,
    "E_PI": 0.0013003201421772264,
    "E_bc": 0.0,
    "E_bc_int_ub": 0.0,
    "E_bc_int_ubdot": 0.04138510842336206,
    "E_bc_sum_ubt": 0.04594638443963317,
    "E_bc_sum_ub0": 0.0,
    "E_ref": 0.023615190771146155,
    "N_SP": 3
}