{
    "E_init": 0.0016208716632857465,
    "E_PI": 0.002228019384670538,
    "E_bc": 0.0,
    "E_bc_int_ub": 0.0,
    "E_bc_int_ubdot": 0.09311976606396195,
    "E_bc_sum_ubt": 0.13822675039041676,
    "E_bc_sum_ub0": 0.0,
    "E_ref": 0.10239310460728229,
    "N_SP": 20
}