{
    "E_init": 0.0017559111355697477,
    "E_PI": 0.00214598725818142,
    "E_bc": 0.0,
    "E_bc_int_ub": 0.0,
    "E_bc_int_ubdot": 0.09089672488677988,
    "E_bc_sum_ubt": 0.12863161914894425,
    "E_bc_sum_ub0": 0.0,
    "E_ref": 0.09190306348568586,
    "N_SP": 18
}