{
    "E_init": 0.0028570780913005044,
    "E_PI": 0.0012987260505094283,
    "E_bc": 0.0,
    "E_bc_int_ub": 0.0,
    "E_bc_int_ubdot": 0.03652661811364382,
    "E_bc_sum_ubt": 0.039959895581549894,
    "E_bc_sum_ub0": 0.0,
    "E_ref": 0.019891905539261828,
    "N_SP": 2
}