{
    "E_init": 0.0034666556973397844,
    "E_PI": 7.551809205845334e-05,
    "E_bc": 0.0,
    "E_bc_int_ub": 0.0,
    "E_bc_int_ubdot": 0.0009017395185928178,
    "E_bc_sum_ubt": 0.006175987024887475,
    "E_bc_sum_ub0": 0.0,
    "E_ref": 0.00320165118986563,
    "N_SP": 1
}