{
    "E_init": 0.0026906467483068606,
    "E_PI": 0.0014094540358652841,
    "E_bc": 0.0,
    "E_bc_int_ub": 0.0,
    "E_bc_int_ubdot": 0.04739310459278046,
    "E_bc_sum_ubt": 0.05336841017570783,
    "E_bc_sum_ub0": 0.0,
    "E_ref": 0.028439572743422358,
    "N_SP": 3
}