{
    "E_init": 0.001779487125437789,
    "E_PI": 0.0022223992865117647,
    "E_bc": 0.0,
    "E_bc_int_ub": 0.0,
    "E_bc_int_ubdot": 0.09050510983319975,
    "E_bc_sum_ubt": 0.12690405428338847,
    "E_bc_sum_ub0": 0.0,
    "E_ref": 0.09009120549967756,
    "N_SP": 8
}