{
    "E_init": 0.0020744668446371116,
    "E_PI": 0.0020224910183882935,
    "E_bc": 0.0,
    "E_bc_int_ub": 0.0,
    "E_bc_int_ubdot": 0.08113876105073674,
    "E_bc_sum_ubt": 0.10420477826849381,
    "E_bc_sum_ub0": 0.0,
    "E_ref": 0.06807787547609132,
    "N_SP": 5
}