{
    "E_init": 0.0024837208340998604,
    "E_PI": 0.0016784492393369806,
    "E_bc": 0.0,
    "E_bc_int_ub": 0.0,
    "E_bc_int_ubdot": 0.060421753483712745,
    "E_bc_sum_ubt": 0.07054733052089526,
    "E_bc_sum_ub0": 0.0,
    "E_ref": 0.04050536736397937,
    "N_SP": 3
}