{
    "E_init": 0.002745017764328522,
    "E_PI": 0.0013474596167060734,
    "E_bc": 0.0,
    "E_bc_int_ub": 0.0,
    "E_bc_int_ubdot": 0.04382414401458075,
    "E_bc_sum_ubt": 0.04892716176419302,
    "E_bc_sum_ub0": 0.0,
    "E_ref": 0.02552501786231298,
    "N_SP": 3
}