{
    "E_init": 0.0027086496950830185,
    "E_PI": 0.0013900269806505223,
    "E_bc": 0.0,
    "E_bc_int_ub": 0.0,
    "E_bc_int_ubdot": 0.04621597836518061,
    "E_bc_sum_ubt": 0.05189271638745142,
    "E_bc_sum_ub0": 0.0,
    "E_ref": 0.027461971091131118,
    "N_SP": 3
}