{
    "E_init": 0.0019536243993430865,
    "E_PI": 0.001990773224052133,
    "E_bc": 0.0,
    "E_bc_int_ub": 0.0,
    "E_bc_int_ubdot": 0.08542426360562592,
    "E_bc_sum_ubt": 0.11372469050885764,
    "E_bc_sum_ub0": 0.0,
    "E_ref": 0.07693143716912527,
    "N_SP": 15
}