{
    "E_init": 0.0032647150625487336,
    "E_PI": 0.0006015213600147195,
    "E_bc": 0.0,
    "E_bc_int_ub": 0.0,
    "E_bc_int_ubdot": 0.010735564390246557,
    "E_bc_sum_ubt": 0.012033885450264731,
    "E_bc_sum_ub0": 0.0,
    "E_ref": 0.004813051119510464,
    "N_SP": 1
}