{
    "E_init": 0.002450814623999927,
    "E_PI": 0.0017158033743560578,
    "E_bc": 0.0,
    "E_bc_int_ub": 0.0,
    "E_bc_int_ubdot": 0.06238217448100115,
    "E_bc_sum_ubt": 0.07329419567988067,
    "E_bc_sum_ub0": 0.0,
    "E_ref": 0.042554636951132666,
    "N_SP": 3
}