{
    "E_init": 0.0023390384065179203,
    "E_PI": 0.0017230210776535344,
    "E_bc": 0.0,
    "E_bc_int_ub": 0.0,
    "E_bc_int_ubdot": 0.06843690454308406,
    "E_bc_sum_ubt": 0.08260309049677231,
    "E_bc_sum_ub0": 0.0,
    "E_ref": 0.049755526516080215,
    "N_SP": 5
}