{
    "E_init": 0.002654999027359761,
    "E_PI": 0.0014424244565813672,
    "E_bc": 0.0,
    "E_bc_int_ub": 0.0,
    "E_bc_int_ubdot": 0.04970789419666494,
    "E_bc_sum_ubt": 0.056303202138111505,
    "E_bc_sum_ub0": 0.0,
    "E_ref": 0.030411080809674335,
    "N_SP": 3
}