{
    "E_init": 0.0027633845041251577,
    "E_PI": 0.0013244838726682456,
    "E_bc": 0.0,
    "E_bc_int_ub": 0.0,
    "E_bc_int_ubdot": 0.04261029038541525,
    "E_bc_sum_ubt": 0.04743838311151916,
    "E_bc_sum_ub0": 0.0,
    "E_ref": 0.024566498888059774,
    "N_SP": 3
}