{
    "E_init": 0.0018769993362629316,
    "E_PI": 0.0020993492089991616,
    "E_bc": 0.0,
    "E_bc_int_ub": 0.0,
    "E_bc_int_ubdot": 0.08789769279961313,
    "E_bc_sum_ubt": 0.11961012583278847,
    "E_bc_sum_ub0": 0.0,
    "E_ref": 0.08267006197270482,
    "N_SP": 10
}