{
    "E_init": 0.003489850870786371,
    "E_PI": 0.0,
    "E_bc": 0.0,
    "E_bc_int_ub": 0.0,
    "E_bc_int_ubdot": 0.0,
    "E_bc_sum_ubt": 0.006265695758404286,
    "E_bc_sum_ub0": 0.0,
    "E_ref": 0.0034027673495855173,
    "N_SP": 0
}