{
    "E_init": 0.003330686515354159,
    "E_PI": 0.00040713764870097696,
    "E_bc": 0.0,
    "E_bc_int_ub": 0.0,
    "E_bc_int_ubdot": 0.007171423870287742,
    "E_bc_sum_ubt": 0.00898414268561469,
    "E_bc_sum_ub0": 0.0,
    "E_ref": 0.0035972273363373895,
    "N_SP": 1
}