{
    "E_init": 0.0024022709377188225,
    "E_PI": 0.0016723916132574347,
    "E_bc": 0.0,
    "E_bc_int_ub": 0.0,
    "E_bc_int_ubdot": 0.06501798357199358,
    "E_bc_sum_ubt": 0.07734315941634246,
    "E_bc_sum_ub0": 0.0,
    "E_ref": 0.045637621055745654,
    "N_SP": 4
}