{
    "E_init": 0.0029148122545736986,
    "E_PI": 0.0012018469407069068,
    "E_bc": 0.0,
    "E_bc_int_ub": 0.0,
    "E_bc_int_ubdot": 0.03265337455520382,
    "E_bc_sum_ubt": 0.035472995460267415,
    "E_bc_sum_ub0": 0.0,
    "E_ref": 0.01720061540273156,
    "N_SP": 2
}