{
    "E_init": 0.0018895582197993492,
    "E_PI": 0.0021745657969315054,
    "E_bc": 0.0,
    "E_bc_int_ub": 0.0,
    "E_bc_int_ubdot": 0.08768305267631274,
    "E_bc_sum_ubt": 0.11865430913111913,
    "E_bc_sum_ub0": 0.0,
    "E_ref": 0.08172352284763912,
    "N_SP": 6
}