{
    "E_init": 0.001631716812803601,
    "E_PI": 0.0023503995701279856,
    "E_bc": 0.0,
    "E_bc_int_ub": 0.0,
    "E_bc_int_ubdot": 0.09320484144374024,
    "E_bc_sum_ubt": 0.13747619108540732,
    "E_bc_sum_ub0": 0.0,
    "E_ref": 0.10154428375248134,
    "N_SP": 7
}