{
    "E_init": 0.0031787812930419938,
    "E_PI": 0.0008372016854888434,
    "E_bc": 0.0,
    "E_bc_int_ub": 0.0,
    "E_bc_int_ubdot": 0.015788446334117242,
    "E_bc_sum_ubt": 0.016924032754997848,
    "E_bc_sum_ub0": 0.0,
    "E_ref": 0.007089046319098155,
    "N_SP": 1
}