{
    "E_init": 0.0015782071093371818,
    "E_PI": 0.002347434058869173,
    "E_bc": 0.0,
    "E_bc_int_ub": 0.0,
    "E_bc_int_ubdot": 0.09371568143777359,
    "E_bc_sum_ubt": 0.14114302657331154,
    "E_bc_sum_ub0": 0.0,
    "E_ref": 0.10574185484341021,
    "N_SP": 8
}