{
    "E_init": 0.002637352667896197,
    "E_PI": 0.0014600812326704207,
    "E_bc": 0.0,
    "E_bc_int_ub": 0.0,
    "E_bc_int_ubdot": 0.0508448952283756,
    "E_bc_sum_ubt": 0.05776141854340853,
    "E_bc_sum_ub0": 0.0,
    "E_ref": 0.0314042350485362,
    "N_SP": 3
}