{
    "E_init": 0.0018033796616771123,
    "E_PI": 0.002107309823463198,
    "E_bc": 0.0,
    "E_bc_int_ub": 0.0,
    "E_bc_int_ubdot": 0.08981161478719402,
    "E_bc_sum_ubt": 0.12513857121843264,
    "E_bc_sum_ub0": 0.0,
    "E_ref": 0.08826169495853475,
    "N_SP": 18
}