{
    "E_init": 0.002232360054322107,
    "E_PI": 0.0018994244529708917,
    "E_bc": 0.0,
    "E_bc_int_ub": 0.0,
    "E_bc_int_ubdot": 0.07408515475219897,
    "E_bc_sum_ubt": 0.0914109906180336,
    "E_bc_sum_ub0": 0.0,
    "E_ref": 0.05694517409552375,
    "N_SP": 4
}