{
    "E_init": 0.003200050317103846,
    "E_PI": 0.0007828997626702625,
    "E_bc": 0.0,
    "E_bc_int_ub": 0.0,
    "E_bc_int_ubdot": 0.014499294875826628,
    "E_bc_sum_ubt": 0.015638764813907063,
    "E_bc_sum_ub0": 0.0,
    "E_ref": 0.006466248128395102,
    "N_SP": 1
}