{
    "E_init": 0.0018275929944424614,
    "E_PI": 0.002236153782720964,
    "E_bc": 0.0,
    "E_bc_int_ub": 0.0,
    "E_bc_int_ubdot": 0.08943807246629291,
    "E_bc_sum_ubt": 0.12333471707483515,
    "E_bc_sum_ub0": 0.0,
    "E_ref": 0.08641479360885952,
    "N_SP": 6
}