{
    "E_init": 0.0025339104122558027,
    "E_PI": 0.0016158977499922229,
    "E_bc": 0.0,
    "E_bc_int_ub": 0.0,
    "E_bc_int_ubdot": 0.05736474890207062,
    "E_bc_sum_ubt": 0.06635914062512777,
    "E_bc_sum_ub0": 0.0,
    "E_ref": 0.037445537709046454,
    "N_SP": 3
}