{
    "E_init": 0.0018521314309538847,
    "E_PI": 0.0022130647779966873,
    "E_bc": 0.0,
    "E_bc_int_ub": 0.0,
    "E_bc_int_ubdot": 0.08877246976498118,
    "E_bc_sum_ubt": 0.12149204696811108,
    "E_bc_sum_ub0": 0.0,
    "E_ref": 0.08455080195490997,
    "N_SP": 6
}