{
    "E_init": 0.0031158186518309553,
    "E_PI": 0.0009787268588522155,
    "E_bc": 0.0,
    "E_bc_int_ub": 0.0,
    "E_bc_int_ubdot": 0.01973334000456239,
    "E_bc_sum_ubt": 0.02095837095803251,
    "E_bc_sum_ub0": 0.0,
    "E_ref": 0.00912604896913237,
    "N_SP": 1
}