{
    "E_init": 0.0023234920684231963,
    "E_PI": 0.0017824563340350659,
    "E_bc": 0.0,
    "E_bc_int_ub": 0.0,
    "E_bc_int_ubdot": 0.06937566952364102,
    "E_bc_sum_ubt": 0.08389263166057555,
    "E_bc_sum_ub0": 0.0,
    "E_ref": 0.050784879247290936,
    "N_SP": 4
}