{
    "E_init": 0.0025170688640961405,
    "E_PI": 0.001637910688078484,
    "E_bc": 0.0,
    "E_bc_int_ub": 0.0,
    "E_bc_int_ubdot": 0.058399134657959435,
    "E_bc_sum_ubt": 0.06776399261840664,
    "E_bc_sum_ub0": 0.0,
    "E_ref": 0.038463258658210805,
    "N_SP": 3
}