{
    "E_init": 0.002202784061739654,
    "E_PI": 0.0019326667095102908,
    "E_bc": 0.0,
    "E_bc_int_ub": 0.0,
    "E_bc_int_ubdot": 0.07553081683773831,
    "E_bc_sum_ubt": 0.09383273399528648,
    "E_bc_sum_ub0": 0.0,
    "E_ref": 0.05898840611600907,
    "N_SP": 4
}