{
    "E_init": 0.0014962174882444928,
    "E_PI": 0.0023640659208872404,
    "E_bc": 0.0,
    "E_bc_int_ub": 0.0,
    "E_bc_int_ubdot": 0.09411672507307979,
    "E_bc_sum_ubt": 0.14657524896463225,
    "E_bc_sum_ub0": 0.0,
    "E_ref": 0.11221550632979226,
    "N_SP": 9
}