{
    "E_init": 0.001300694775971577,
    "E_PI": 0.0024757312170299414,
    "E_bc": 0.0,
    "E_bc_int_ub": 0.0,
    "E_bc_int_ubdot": 0.09292113072048655,
    "E_bc_sum_ubt": 0.15849419416338387,
    "E_bc_sum_ub0": 0.0,
    "E_ref": 0.12780922665684616,
    "N_SP": 10
}