{
    "E_init": 0.003352971927626031,
    "E_PI": 0.000345217717704498,
    "E_bc": 0.0,
    "E_bc_int_ub": 0.0,
    "E_bc_int_ubdot": 0.006038378930494534,
    "E_bc_sum_ubt": 0.008151284504891242,
    "E_bc_sum_ub0": 0.0,
    "E_ref": 0.0033245655765771903,
    "N_SP": 1
}