{
    "E_init": 0.003420726823549048,
    "E_PI": 0.00018662041199677282,
    "E_bc": 0.0,
    "E_bc_int_ub": 0.0,
    "E_bc_int_ubdot": 0.0028396404317876742,
    "E_bc_sum_ubt": 0.006469988335675988,
    "E_bc_sum_ub0": 0.0,
    "E_ref": 0.0030047417474809274,
    "N_SP": 1
}