{
    "E_init": 0.002418344380232552,
    "E_PI": 0.0016572052272316735,
    "E_bc": 0.0,
    "E_bc_int_ub": 0.0,
    "E_bc_int_ubdot": 0.0640989126776784,
    "E_bc_sum_ubt": 0.07600320902282491,
    "E_bc_sum_ub0": 0.0,
    "E_ref": 0.04460906061496877,
    "N_SP": 4
}