{
    "E_init": 0.002819225362179953,
    "E_PI": 0.0013581356539893667,
    "E_bc": 0.0,
    "E_bc_int_ub": 0.0,
    "E_bc_int_ubdot": 0.039070373157048394,
    "E_bc_sum_ubt": 0.042955384457531255,
    "E_bc_sum_ub0": 0.0,
    "E_ref": 0.021736155925357905,
    "N_SP": 2
}