{
    "E_init": 0.0017913935609549282,
    "E_PI": 0.0022672867475150315,
    "E_bc": 0.0,
    "E_bc_int_ub": 0.0,
    "E_bc_int_ubdot": 0.09034813585826706,
    "E_bc_sum_ubt": 0.12602608489210246,
    "E_bc_sum_ub0": 0.0,
    "E_ref": 0.0891786480071623,
    "N_SP": 6
}