{
    "E_init": 0.002370443837382811,
    "E_PI": 0.0017078230782741417,
    "E_bc": 0.0,
    "E_bc_int_ub": 0.0,
    "E_bc_int_ubdot": 0.06680858715578435,
    "E_bc_sum_ubt": 0.07999330218595979,
    "E_bc_sum_ub0": 0.0,
    "E_ref": 0.04769626164109122,
    "N_SP": 4
}