{
    "E_init": 0.0016870407828185128,
    "E_PI": 0.0023110499415741246,
    "E_bc": 0.0,
    "E_bc_int_ub": 0.0,
    "E_bc_int_ubdot": 0.09239284482793998,
    "E_bc_sum_ubt": 0.13359142890585043,
    "E_bc_sum_ub0": 0.0,
    "E_ref": 0.09723064354410817,
    "N_SP": 7
}