{
    "E_init": 0.0016536252899849863,
    "E_PI": 0.0023357072989137187,
    "E_bc": 0.0,
    "E_bc_int_ub": 0.0,
    "E_bc_int_ubdot": 0.09290979028650463,
    "E_bc_sum_ubt": 0.13594885498363127,
    "E_bc_sum_ub0": 0.0,
    "E_ref": 0.09983270244746367,
    "N_SP": 7
}