{
    "E_init": 0.0033979910806983126,
    "E_PI": 0.00023567754880459175,
    "E_bc": 0.0,
    "E_bc_int_ub": 0.0,
    "E_bc_int_ubdot": 0.003869806456002159,
    "E_bc_sum_ubt": 0.006874444922375995,
    "E_bc_sum_ub0": 0.0,
    "E_ref": 0.0030252823738515493,
    "N_SP": 1
}