{
    "E_init": 0.0022927086900662755,
    "E_PI": 0.001824455509318186,
    "E_bc": 0.0,
    "E_bc_int_ub": 0.0,
    "E_bc_int_ubdot": 0.07100810968054898,
    "E_bc_sum_ubt": 0.08644065775864386,
    "E_bc_sum_ub0": 0.0,
    "E_ref": 0.05284206121448906,
    "N_SP": 4
}