{
    "E_init": 0.001427978328200047,
    "E_PI": 0.00234067826647622,
    "E_bc": 0.0,
    "E_bc_int_ub": 0.0,
    "E_bc_int_ubdot": 0.09396092345990917,
    "E_bc_sum_ubt": 0.1509103770627134,
    "E_bc_sum_ub0": 0.0,
    "E_ref": 0.1176362883936305,
    "N_SP": 15
}