{
    "E_init": 0.0014471512817256845,
    "E_PI": 0.002374189661328138,
    "E_bc": 0.0,
    "E_bc_int_ub": 0.0,
    "E_bc_int_ubdot": 0.09406785182530589,
    "E_bc_sum_ubt": 0.14971029994106397,
    "E_bc_sum_ub0": 0.0,
    "E_ref": 0.1161105491486828,
    "N_SP": 11
}