{
    "E_init": 0.002467212869240357,
    "E_PI": 0.001696616781992776,
    "E_bc": 0.0,
    "E_bc_int_ub": 0.0,
    "E_bc_int_ubdot": 0.0614097808068217,
    "E_bc_sum_ubt": 0.07192541406269454,
    "E_bc_sum_ub0": 0.0,
    "E_ref": 0.04152923524448397,
    "N_SP": 3
}