{
    "E_init": 0.0016983286657193065,
    "E_PI": 0.002178648800177508,
    "E_bc": 0.0,
    "E_bc_int_ub": 0.0,
    "E_bc_int_ubdot": 0.09199683769953831,
    "E_bc_sum_ubt": 0.13278766915875428,
    "E_bc_sum_ub0": 0.0,
    "E_ref": 0.09635408608855357,
    "N_SP": 21
}