{
    "E_init": 0.002993610001681444,
    "E_PI": 0.001076179827985217,
    "E_bc": 0.0,
    "E_bc_int_ub": 0.0,
    "E_bc_int_ubdot": 0.027416356352856833,
    "E_bc_sum_ubt": 0.02954583464050606,
    "E_bc_sum_ub0": 0.0,
    "E_ref": 0.013780474561920953,
    "N_SP": 2
}