{
    "E_init": 0.002247296633889259,
    "E_PI": 0.001818835852336106,
    "E_bc": 0.0,
    "E_bc_int_ub": 0.0,
    "E_bc_int_ubdot": 0.07322237982492974,
    "E_bc_sum_ubt": 0.09018422264869344,
    "E_bc_sum_ub0": 0.0,
    "E_ref": 0.05592123316948517,
    "N_SP": 5
}