{
    "E_init": 0.001536665570988717,
    "E_PI": 0.0023225716609363675,
    "E_bc": 0.0,
    "E_bc_int_ub": 0.0,
    "E_bc_int_ubdot": 0.09389197511690742,
    "E_bc_sum_ubt": 0.14392458680926326,
    "E_bc_sum_ub0": 0.0,
    "E_ref": 0.1090159650493534,
    "N_SP": 12
}