{
    "E_init": 0.0014375328406444142,
    "E_PI": 0.0023943229771898316,
    "E_bc": 0.0,
    "E_bc_int_ub": 0.0,
    "E_bc_int_ubdot": 0.09410585421241784,
    "E_bc_sum_ubt": 0.1503141296317054,
    "E_bc_sum_ub0": 0.0,
    "E_ref": 0.11687571012882003,
    "N_SP": 9
}