{
    "E_init": 0.0015163066645294833,
    "E_PI": 0.0023863177137045982,
    "E_bc": 0.0,
    "E_bc_int_ub": 0.0,
    "E_bc_int_ubdot": 0.09410110021099753,
    "E_bc_sum_ubt": 0.14526604214312072,
    "E_bc_sum_ub0": 0.0,
    "E_ref": 0.11062504327238029,
    "N_SP": 8
}