{
    "E_init": 0.0029539483946601818,
    "E_PI": 0.0011427130521006678,
    "E_bc": 0.0,
    "E_bc_int_ub": 0.0,
    "E_bc_int_ubdot": 0.030042167845872353,
    "E_bc_sum_ubt": 0.032497566155612785,
    "E_bc_sum_ub0": 0.0,
    "E_ref": 0.01546401888336841,
    "N_SP": 2
}