{
    "E_init": 0.0013996941277951936,
    "E_PI": 0.002347562146478897,
    "E_bc": 0.0,
    "E_bc_int_ub": 0.0,
    "E_bc_int_ubdot": 0.09382103547055881,
    "E_bc_sum_ubt": 0.15265418009297393,
    "E_bc_sum_ub0": 0.0,
    "E_ref": 0.11989057449256663,
    "N_SP": 16
}