{
    "E_init": 0.0017442405327691307,
    "E_PI": 0.0022465904189566026,
    "E_bc": 0.0,
    "E_bc_int_ub": 0.0,
    "E_bc_int_ubdot": 0.09127382647119502,
    "E_bc_sum_ubt": 0.1294813293039199,
    "E_bc_sum_ub0": 0.0,
    "E_ref": 0.09280230728834175,
    "N_SP": 8
}