{
    "E_init": 0.002876194619639045,
    "E_PI": 0.0012660251333697263,
    "E_bc": 0.0,
    "E_bc_int_ub": 0.0,
    "E_bc_int_ubdot": 0.03524246774905654,
    "E_bc_sum_ubt": 0.03846249772988543,
    "E_bc_sum_ub0": 0.0,
    "E_ref": 0.018984194918936357,
    "N_SP": 2
}