{
    "E_init": 0.00139039110905071,
    "E_PI": 0.0023976779130290607,
    "E_bc": 0.0,
    "E_bc_int_ub": 0.0,
    "E_bc_int_ubdot": 0.09385604423581137,
    "E_bc_sum_ubt": 0.15322066347266083,
    "E_bc_sum_ub0": 0.0,
    "E_ref": 0.12063289078970402,
    "N_SP": 10
}