{
    "E_init": 0.0030541031219568767,
    "E_PI": 0.0010914829145191776,
    "E_bc": 0.0,
    "E_bc_int_ub": 0.0,
    "E_bc_int_ubdot": 0.02375920274357212,
    "E_bc_sum_ubt": 0.02518810374198358,
    "E_bc_sum_ub0": 0.0,
    "E_ref": 0.01137044649601019,
    "N_SP": 1
}