{
    "E_init": 0.002046982740587345,
    "E_PI": 0.001917586092884171,
    "E_bc": 0.0,
    "E_bc_int_ub": 0.0,
    "E_bc_int_ubdot": 0.08202464700997887,
    "E_bc_sum_ubt": 0.1063932785385191,
    "E_bc_sum_ub0": 0.0,
    "E_ref": 0.07006838474336319,
    "N_SP": 11
}