{
    "E_init": 0.0019666959763176965,
    "E_PI": 0.00214312096930363,
    "E_bc": 0.0,
    "E_bc_int_ub": 0.0,
    "E_bc_int_ubdot": 0.08526098798547854,
    "E_bc_sum_ubt": 0.1127083235923428,
    "E_bc_sum_ub0": 0.0,
    "E_ref": 0.07596158033882236,
    "N_SP": 5
}