{
    "E_init": 0.0013181587388330974,
    "E_PI": 0.0023978428484473153,
    "E_bc": 0.0,
    "E_bc_int_ub": 0.0,
    "E_bc_int_ubdot": 0.09305926142456321,
    "E_bc_sum_ubt": 0.15749499575935047,
    "E_bc_sum_ub0": 0.0,
    "E_ref": 0.12640950522511132,
    "N_SP": 16
}