{
    "E_init": 0.0026024110271908865,
    "E_PI": 0.0015140043976460834,
    "E_bc": 0.0,
    "E_bc_int_ub": 0.0,
    "E_bc_int_ubdot": 0.0530766604541938,
    "E_bc_sum_ubt": 0.060657533319679414,
    "E_bc_sum_ub0": 0.0,
    "E_ref": 0.033403607629236366,
    "N_SP": 3
}