{
    "E_init": 0.0031576536328149943,
    "E_PI": 0.0008879419436978607,
    "E_bc": 0.0,
    "E_bc_int_ub": 0.0,
    "E_bc_int_ubdot": 0.01709168701656596,
    "E_bc_sum_ubt": 0.01824179167485928,
    "E_bc_sum_ub0": 0.0,
    "E_ref": 0.007741681868188747,
    "N_SP": 1
}