{
    "E_init": 0.0013358571840685484,
    "E_PI": 0.0023759291246887504,
    "E_bc": 0.0,
    "E_bc_int_ub": 0.0,
    "E_bc_int_ubdot": 0.09326039779657141,
    "E_bc_sum_ubt": 0.1564685151607121,
    "E_bc_sum_ub0": 0.0,
    "E_ref": 0.12499213960717229,
    "N_SP": 18
}