{
    "E_init": 0.001993102098741506,
    "E_PI": 0.002116560853503816,
    "E_bc": 0.0,
    "E_bc_int_ub": 0.0,
    "E_bc_int_ubdot": 0.08431277064889754,
    "E_bc_sum_ubt": 0.11064476981537305,
    "E_bc_sum_ub0": 0.0,
    "E_ref": 0.07401095898470819,
    "N_SP": 5
}