{
    "E_init": 0.0030338041308938025,
    "E_PI": 0.00112434268424633,
    "E_bc": 0.0,
    "E_bc_int_ub": 0.0,
    "E_bc_int_ubdot": 0.025112031583298767,
    "E_bc_sum_ubt": 0.026629159473258744,
    "E_bc_sum_ub0": 0.0,
    "E_ref": 0.012157057658609964,
    "N_SP": 1
}