{
    "E_init": 0.002019862766712698,
    "E_PI": 0.002021204519583224,
    "E_bc": 0.0,
    "E_bc_int_ub": 0.0,
    "E_bc_int_ubdot": 0.08316444914964405,
    "E_bc_sum_ubt": 0.10853985920932831,
    "E_bc_sum_ub0": 0.0,
    "E_ref": 0.07204633895483509,
    "N_SP": 7
}