{
    "E_init": 0.0023080490585284203,
    "E_PI": 0.0018038861064388898,
    "E_bc": 0.0,
    "E_bc_int_ub": 0.0,
    "E_bc_int_ubdot": 0.070199761552035,
    "E_bc_sum_ubt": 0.08517183962645537,
    "E_bc_sum_ub0": 0.0,
    "E_ref": 0.05181378362399782,
    "N_SP": 4
}