{
    "E_init": 0.0032865590640132033,
    "E_PI": 0.0005368502199272931,
    "E_bc": 0.0,
    "E_bc_int_ub": 0.0,
    "E_bc_int_ubdot": 0.009522393720442791,
    "E_bc_sum_ubt": 0.010941037236556117,
    "E_bc_sum_ub0": 0.0,
    "E_ref": 0.004350050984425184,
    "N_SP": 1
}