{
    "E_init": 0.0013719701571758653,
    "E_PI": 0.002340652207286477,
    "E_bc": 0.0,
    "E_bc_int_ub": 0.0,
    "E_bc_int_ubdot": 0.0936043123894059,
    "E_bc_sum_ubt": 0.15433181814178662,
    "E_bc_sum_ub0": 0.0,
    "E_ref": 0.12210394941025694,
    "N_SP": 20
}