{
    "E_init": 0.003221461650857005,
    "E_PI": 0.0007252298059063228,
    "E_bc": 0.0,
    "E_bc_int_ub": 0.0,
    "E_bc_int_ubdot": 0.01322610988574565,
    "E_bc_sum_ubt": 0.014391040668567489,
    "E_bc_sum_ub0": 0.0,
    "E_ref": 0.005876536249333417,
    "N_SP": 1
}