{
    "E_init": 0.00255086464614626,
    "E_PI": 0.0015266101326455784,
    "E_bc": 0.0,
    "E_bc_int_ub": 0.0,
    "E_bc_int_ubdot": 0.05618129919646147,
    "E_bc_sum_ubt": 0.0649458120659123,
    "E_bc_sum_ub0": 0.0,
    "E_ref": 0.03643042787854584,
    "N_SP": 4
}