{
    "E_init": 0.002088346970750437,
    "E_PI": 0.0020046988637283368,
    "E_bc": 0.0,
    "E_bc_int_ub": 0.0,
    "E_bc_int_ubdot": 0.08056040884535663,
    "E_bc_sum_ubt": 0.10309473677234432,
    "E_bc_sum_ub0": 0.0,
    "E_ref": 0.06707816621707786,
    "N_SP": 5
}