{
    "E_init": 0.0018154459606391775,
    "E_PI": 0.0022469867406540093,
    "E_bc": 0.0,
    "E_bc_int_ub": 0.0,
    "E_bc_int_ubdot": 0.08975307292440195,
    "E_bc_sum_ubt": 0.12424147252231767,
    "E_bc_sum_ub0": 0.0,
    "E_ref": 0.08734040715446655,
    "N_SP": 6
}