{
    "E_init": 0.0034436146898135004,
    "E_PI": 0.00013528489990174684,
    "E_bc": 0.0,
    "E_bc_int_ub": 0.0,
    "E_bc_int_ubdot": 0.001849302947220319,
    "E_bc_sum_ubt": 0.006238137047222998,
    "E_bc_sum_ub0": 0.0,
    "E_ref": 0.0030661412091602955,
    "N_SP": 1
}