{
    "E_init": 0.0022774702808340203,
    "E_PI": 0.001844244256450713,
    "E_bc": 0.0,
    "E_bc_int_ub": 0.0,
    "E_bc_int_ubdot": 0.07180076290788523,
    "E_bc_sum_ubt": 0.08769902097678918,
    "E_bc_sum_ub0": 0.0,
    "E_ref": 0.05386950744166456,
    "N_SP": 4
}