{
    "E_init": 0.0017096920751288134,
    "E_PI": 0.0021794115291275105,
    "E_bc": 0.0,
    "E_bc_int_ub": 0.0,
    "E_bc_int_ubdot": 0.09180546817550626,
    "E_bc_sum_ubt": 0.13197484378995936,
    "E_bc_sum_ub0": 0.0,
    "E_ref": 0.09547296520388071,
    "N_SP": 18
}