{
    "K": 8.36145155635153,
    "mu": 0.0007535559509161001,
    "L_f": -1.9739208802178716,
    "delta_mean": 0.0075355595091610005,
    "r0": 0.003249581248720512,
    "M": 1.0
}