{
    "E_init": 0.0034048529768185235,
    "E_PI": 0.0,
    "E_bc": 0.0,
    "E_bc_int_ub": 0.0,
    "E_bc_int_ubdot": 0.0,
    "E_bc_sum_ubt": 0.0,
    "E_bc_sum_ub0": 0.0,
    "E_ref": 0.002674404552746697,
    "N_SP": 0
}