{
    "E_init": 0.001883299884687597,
    "E_PI": 0.0016732387045164175,
    "E_bc": 0.0,
    "E_bc_int_ub": 0.0,
    "E_bc_int_ubdot": 0.15233784258030178,
    "E_bc_sum_ubt": 0.21540327580771892,
    "E_bc_sum_ub0": 0.0,
    "E_ref": 0.15131656421431572,
    "N_SP": 5
}