{
    "E_init": 0.0017403194020566694,
    "E_PI": 0.0017218024274877903,
    "E_bc": 0.0,
    "E_bc_int_ub": 0.0,
    "E_bc_int_ubdot": 0.15677562312916943,
    "E_bc_sum_ubt": 0.232107900038729,
    "E_bc_sum_ub0": 0.0,
    "E_ref": 0.16937397554106767,
    "N_SP": 7
}