{
    "E_init": 0.0019591366932721257,
    "E_PI": 0.00160675666455919,
    "E_bc": 0.0,
    "E_bc_int_ub": 0.0,
    "E_bc_int_ubdot": 0.1490692802761153,
    "E_bc_sum_ubt": 0.2062020190660706,
    "E_bc_sum_ub0": 0.0,
    "E_ref": 0.14188873383146197,
    "N_SP": 5
}