{
    "E_init": 0.0025827451291372126,
    "E_PI": 0.0014607534861124786,
    "E_bc": 0.0,
    "E_bc_int_ub": 0.0,
    "E_bc_int_ubdot": 0.10176082580338863,
    "E_bc_sum_ubt": 0.12307355179960923,
    "E_bc_sum_ub0": 0.0,
    "E_ref": 0.06972344771392675,
    "N_SP": 2
}