{
    "E_init": 0.001672952857484794,
    "E_PI": 0.001758381776465426,
    "E_bc": 0.0,
    "E_bc_int_ub": 0.0,
    "E_bc_int_ubdot": 0.15813491608663613,
    "E_bc_sum_ubt": 0.23967667029136486,
    "E_bc_sum_ub0": 0.0,
    "E_ref": 0.17800375756867975,
    "N_SP": 7
}