{
    "E_init": 0.0014285737554596376,
    "E_PI": 0.0018289775420514953,
    "E_bc": 0.0,
    "E_bc_int_ub": 0.0,
    "E_bc_int_ubdot": 0.15889748376821303,
    "E_bc_sum_ubt": 0.2655576866904047,
    "E_bc_sum_ub0": 0.0,
    "E_ref": 0.21001772774600524,
    "N_SP": 8
}