{
    "E_init": 0.0013201161663681487,
    "E_PI": 0.0019326803253798019,
    "E_bc": 0.0,
    "E_bc_int_ub": 0.0,
    "E_bc_int_ubdot": 0.1572000525402069,
    "E_bc_sum_ubt": 0.2763564821185101,
    "E_bc_sum_ub0": 0.0,
    "E_ref": 0.22465661622587282,
    "N_SP": 9
}