{
    "E_init": 0.0029074839629339502,
    "E_PI": 0.0013894879418069382,
    "E_bc": 0.0,
    "E_bc_int_ub": 0.0,
    "E_bc_int_ubdot": 0.06487666618851212,
    "E_bc_sum_ubt": 0.07626081876831617,
    "E_bc_sum_ub0": 0.0,
    "E_ref": 0.037556308537664417,
    "N_SP": 1
}