{
    "E_init": 0.0015459419608523418,
    "E_PI": 0.0018004733756185863,
    "E_bc": 0.0,
    "E_bc_int_ub": 0.0,
    "E_bc_int_ubdot": 0.15932731090600138,
    "E_bc_sum_ubt": 0.25342306481659177,
    "E_bc_sum_ub0": 0.0,
    "E_ref": 0.1944931621475619,
    "N_SP": 8
}