{
    "E_init": 0.004021418253478474,
    "E_PI": 0.00165129085057515,
    "E_bc": 0.0,
    "E_bc_int_ub": 0.0,
    "E_bc_int_ubdot": 0.1592234055808011,
    "E_bc_sum_ubt": 0.25967386586894814,
    "E_bc_sum_ub0": 0.0,
    "E_ref": 0.20237092934244316,
    "N_SP": 90
}