{
    "E_init": 0.0032730535039444866,
    "E_PI": 0.00045623430456303974,
    "E_bc": 0.0,
    "E_bc_int_ub": 0.0,
    "E_bc_int_ubdot": 0.017617624272578018,
    "E_bc_sum_ubt": 0.024276198354178758,
    "E_bc_sum_ub0": 0.0,
    "E_ref": 0.008612549835869242,
    "N_SP": 1
}