{
    "E_init": 0.0022942765934814316,
    "E_PI": 0.0014478371492090032,
    "E_bc": 0.0,
    "E_bc_int_ub": 0.0,
    "E_bc_int_ubdot": 0.12790671216197216,
    "E_bc_sum_ubt": 0.1630165233785132,
    "E_bc_sum_ub0": 0.0,
    "E_ref": 0.1017385257577841,
    "N_SP": 4
}