{
    "E_init": 0.002038027302041664,
    "E_PI": 0.0015512839361573277,
    "E_bc": 0.0,
    "E_bc_int_ub": 0.0,
    "E_bc_int_ubdot": 0.14505058443565735,
    "E_bc_sum_ubt": 0.19639349788422558,
    "E_bc_sum_ub0": 0.0,
    "E_ref": 0.13220236352318532,
    "N_SP": 5
}