{
    "E_init": 0.0024827688749770862,
    "E_PI": 0.0012663675506154994,
    "E_bc": 0.0,
    "E_bc_int_ub": 0.0,
    "E_bc_int_ubdot": 0.111460104761321,
    "E_bc_sum_ubt": 0.13716070336454952,
    "E_bc_sum_ub0": 0.0,
    "E_ref": 0.08050489979776357,
    "N_SP": 5
}