{
    "E_init": 0.0018103986658227831,
    "E_PI": 0.001682200356353139,
    "E_bc": 0.0,
    "E_bc_int_ub": 0.0,
    "E_bc_int_ubdot": 0.15486730962241113,
    "E_bc_sum_ubt": 0.22402794957984812,
    "E_bc_sum_ub0": 0.0,
    "E_ref": 0.16047897965880434,
    "N_SP": 6
}