{
    "E_init": 0.003024562664288082,
    "E_PI": 0.0011150938100061272,
    "E_bc": 0.0,
    "E_bc_int_ub": 0.0,
    "E_bc_int_ubdot": 0.050085979738957905,
    "E_bc_sum_ubt": 0.05934585465629592,
    "E_bc_sum_ub0": 0.0,
    "E_ref": 0.027287550703643224,
    "N_SP": 1
}