{
    "E_init": 0.002386662631559843,
    "E_PI": 0.0014673917755025161,
    "E_bc": 0.0,
    "E_bc_int_ub": 0.0,
    "E_bc_int_ubdot": 0.12031076247737639,
    "E_bc_sum_ubt": 0.15046870005349786,
    "E_bc_sum_ub0": 0.0,
    "E_ref": 0.09119224970011004,
    "N_SP": 3
}