{
    "E_init": 0.0027949372960695044,
    "E_PI": 0.0012603772426454027,
    "E_bc": 0.0,
    "E_bc_int_ub": 0.0,
    "E_bc_int_ubdot": 0.07825785727885727,
    "E_bc_sum_ubt": 0.09258084169204,
    "E_bc_sum_ub0": 0.0,
    "E_ref": 0.04814909270001428,
    "N_SP": 2
}