{
    "E_init": 0.0016081940246480118,
    "E_PI": 0.0016913260288484342,
    "E_bc": 0.0,
    "E_bc_int_ub": 0.0,
    "E_bc_int_ubdot": 0.15891566702854013,
    "E_bc_sum_ubt": 0.24676955419577784,
    "E_bc_sum_ub0": 0.0,
    "E_ref": 0.18637404185565426,
    "N_SP": 12
}