{
    "E_init": 0.0013732746664202051,
    "E_PI": 0.0018536560349339793,
    "E_bc": 0.0,
    "E_bc_int_ub": 0.0,
    "E_bc_int_ubdot": 0.1581755598382623,
    "E_bc_sum_ubt": 0.27110822097922127,
    "E_bc_sum_ub0": 0.0,
    "E_ref": 0.21744343845434191,
    "N_SP": 9
}