{
    "E_init": 0.0022054667542000185,
    "E_PI": 0.0014854165465305333,
    "E_bc": 0.0,
    "E_bc_int_ub": 0.0,
    "E_bc_int_ubdot": 0.13456288465626542,
    "E_bc_sum_ubt": 0.17483221114346764,
    "E_bc_sum_ub0": 0.0,
    "E_ref": 0.11210723294326518,
    "N_SP": 4
}