{
    "E_init": 0.0026867472318153496,
    "E_PI": 0.0013579751944585194,
    "E_bc": 0.0,
    "E_bc_int_ub": 0.0,
    "E_bc_int_ubdot": 0.09061212445879227,
    "E_bc_sum_ubt": 0.1082053162307749,
    "E_bc_sum_ub0": 0.0,
    "E_ref": 0.05891003788238744,
    "N_SP": 2
}