{
    "E_init": 0.003146355896310489,
    "E_PI": 0.0008430440635795221,
    "E_bc": 0.0,
    "E_bc_int_ub": 0.0,
    "E_bc_int_ubdot": 0.03431201574673355,
    "E_bc_sum_ubt": 0.04196970928226221,
    "E_bc_sum_ub0": 0.0,
    "E_ref": 0.017545428554899135,
    "N_SP": 1
}