{
    "E_init": 0.0012690153946037267,
    "E_PI": 0.00207064972633941,
    "E_bc": 0.0,
    "E_bc_int_ub": 0.0,
    "E_bc_int_ubdot": 0.1559822676172151,
    "E_bc_sum_ubt": 0.2813305912122511,
    "E_bc_sum_ub0": 0.0,
    "E_ref": 0.23166377090419288,
    "N_SP": 10
}