{
    "E_init": 0.002120094681566097,
    "E_PI": 0.001548481350656321,
    "E_bc": 0.0,
    "E_bc_int_ub": 0.0,
    "E_bc_int_ubdot": 0.1402763222549419,
    "E_bc_sum_ubt": 0.18594725364880332,
    "E_bc_sum_ub0": 0.0,
    "E_ref": 0.12226944336539902,
    "N_SP": 4
}