{
    "K": 105.52764735806669,
    "mu": 0.0007492305340971049,
    "L_f": -1.9739208802178716,
    "delta_mean": 0.007492305340971049,
    "r0": 0.003489850870786371,
    "M": 1.0
}