{
    "K": 2048.780350444191,
    "mu": 0.0007663838644282778,
    "L_f": -1.9739208802178716,
    "delta_mean": 0.007663838644282777,
    "r0": 0.003489850870786371,
    "r0wD0": 0.008121213456005288,
    "M": 1.0
}