{
    "K": 65.16622857445158,
    "mu": 0.16942132184438946,
    "L_f": 0.014,
    "delta_mean": 1.6942132184438945,
    "r0": 0.49345727132109074,
    "M": 1.0
}