{
    "K": 4.690601907934067,
    "mu": 0.0006905896492617586,
    "L_f": -1.9739208802178716,
    "delta_mean": 0.0069058964926175855,
    "r0": 0.0034048529768185235,
    "M": 1.0
}