{
    "E_init": 0.4948408878399535,
    "E_PI": 0.533668845975297,
    "E_bc_int_ub": 0.16125739412435655,
    "E_bc_int_ubdot": 0.0005341106457152551,
    "E_bc_sum_ubt": 0.004319425596810868,
    "E_bc_sum_ub0": 0.7866381914190511,
    "E_ref": 0.5637106504858421,
    "N_SP": 8
}