{
    "E_init": 0.5204200490827728,
    "E_PI": 1.5654983955603212,
    "E_bc_int_ub": 2.8366041311860357,
    "E_bc_int_ubdot": 0.008686230100121688,
    "E_bc_sum_ubt": 0.0024680619585700165,
    "E_bc_sum_ub0": 0.7479741446100717,
    "E_ref": 1.0898735995992306,
    "N_SP": 75
}