{
    "E_init": 0.5060504015782222,
    "E_PI": 1.1764920039215692,
    "E_bc_int_ub": 1.5451993350807518,
    "E_bc_int_ubdot": 0.0038234325428344344,
    "E_bc_sum_ubt": 0.004150311094630147,
    "E_bc_sum_ub0": 0.7692133823758047,
    "E_ref": 0.9280582082366948,
    "N_SP": 36
}