{
    "E_init": 0.5146238637601829,
    "E_PI": 1.4131478620292381,
    "E_bc_int_ub": 2.390040100212244,
    "E_bc_int_ubdot": 0.007025673336069431,
    "E_bc_sum_ubt": 0.0030276634079863577,
    "E_bc_sum_ub0": 0.7563985436011881,
    "E_ref": 1.0623239906368633,
    "N_SP": 60
}