{
    "E_init": 0.5103191285044848,
    "E_PI": 1.2964430537240597,
    "E_bc_int_ub": 1.9985075063069129,
    "E_bc_int_ubdot": 0.005547766325020184,
    "E_bc_sum_ubt": 0.003540840948819946,
    "E_bc_sum_ub0": 0.7627790519853063,
    "E_ref": 1.0085153672008587,
    "N_SP": 48
}