{
    "E_init": 0.4983169259945635,
    "E_PI": 0.8822598410336192,
    "E_bc_int_ub": 0.5892362139343073,
    "E_bc_int_ubdot": 0.0016469674938974705,
    "E_bc_sum_ubt": 0.004595425187579074,
    "E_bc_sum_ub0": 0.7811509518239108,
    "E_ref": 0.709174612703566,
    "N_SP": 14
}