{
    "E_init": 0.49622838391391166,
    "E_PI": 0.7404319115051032,
    "E_bc_int_ub": 0.3288237477504848,
    "E_bc_int_ubdot": 0.001030582042433553,
    "E_bc_sum_ubt": 0.004458227131658794,
    "E_bc_sum_ub0": 0.7844386852287547,
    "E_ref": 0.6268956959438104,
    "N_SP": 9
}