{
    "E_init": 0.5160668297884132,
    "E_PI": 1.451839840503729,
    "E_bc_int_ub": 2.5091716139726405,
    "E_bc_int_ubdot": 0.007460959124332013,
    "E_bc_sum_ubt": 0.002882755730501474,
    "E_bc_sum_ub0": 0.7542835899959217,
    "E_ref": 1.0739818440910096,
    "N_SP": 64
}