{
    "E_init": 0.5053424267140535,
    "E_PI": 1.155695792488596,
    "E_bc_int_ub": 1.463333183903984,
    "E_bc_int_ubdot": 0.003535990992921708,
    "E_bc_sum_ubt": 0.0042443953867518334,
    "E_bc_sum_ub0": 0.7702910352921557,
    "E_ref": 0.9121586741956674,
    "N_SP": 34
}