{
    "E_init": 0.5088922335298747,
    "E_PI": 1.2570575073718675,
    "E_bc_int_ub": 1.8547775747241164,
    "E_bc_int_ubdot": 0.0049893314283644494,
    "E_bc_sum_ubt": 0.0037417451612497365,
    "E_bc_sum_ub0": 0.7649178262174577,
    "E_ref": 0.9845552663221182,
    "N_SP": 44
}