{
    "E_init": 0.507469328272982,
    "E_PI": 1.2171760801133167,
    "E_bc_int_ub": 1.703675136540915,
    "E_bc_int_ubdot": 0.004408878131886324,
    "E_bc_sum_ubt": 0.003948883290706828,
    "E_bc_sum_ub0": 0.767062597409285,
    "E_ref": 0.957722741004832,
    "N_SP": 40
}