{
    "E_init": 0.5211491474012256,
    "E_PI": 1.5872664456689465,
    "E_bc_int_ub": 2.886842969082912,
    "E_bc_int_ubdot": 0.008884076204514714,
    "E_bc_sum_ubt": 0.00239849375961278,
    "E_bc_sum_ub0": 0.7469277134803255,
    "E_ref": 1.0898776083882096,
    "N_SP": 78
}