{
    "E_init": 0.5124669761669597,
    "E_PI": 1.3549728793987383,
    "E_bc_int_ub": 2.2011632253270115,
    "E_bc_int_ubdot": 0.00632422369391962,
    "E_bc_sum_ubt": 0.003266479299654296,
    "E_bc_sum_ub0": 0.7595820982692921,
    "E_ref": 1.0388886316579546,
    "N_SP": 54
}