{
    "E_init": 0.5117500243836763,
    "E_PI": 1.3355158943723806,
    "E_bc_int_ub": 2.1352422412868854,
    "E_bc_int_ubdot": 0.006074171597629577,
    "E_bc_sum_ubt": 0.0033537918588176312,
    "E_bc_sum_ub0": 0.7606462579448293,
    "E_ref": 1.0295216155779099,
    "N_SP": 52
}