{
    "E_init": 0.49345727132109074,
    "E_PI": 0.0,
    "E_bc_int_ub": 0.0,
    "E_bc_int_ubdot": 0.0,
    "E_bc_sum_ubt": 0.004151809815035777,
    "E_bc_sum_ub0": 0.7888438648567976,
    "E_ref": 0.49345727132109074,
    "N_SP": 0
}