{
    "E_init": 0.5004142583987116,
    "E_PI": 0.9872168134071614,
    "E_bc_int_ub": 0.8556319574287693,
    "E_bc_int_ubdot": 0.0019983385045992,
    "E_bc_sum_ubt": 0.004625636328152394,
    "E_bc_sum_ub0": 0.7778769979421131,
    "E_ref": 0.7795675223810856,
    "N_SP": 20
}