{
    "E_init": 0.5081802828846697,
    "E_PI": 1.2371941476113164,
    "E_bc_int_ub": 1.7801586822267792,
    "E_bc_int_ubdot": 0.0047009586036191355,
    "E_bc_sum_ubt": 0.0038451966346228043,
    "E_bc_sum_ub0": 0.7659894611435768,
    "E_ref": 0.9714941584810813,
    "N_SP": 42
}