{
    "E_init": 0.50675936830134,
    "E_PI": 1.1917726171642398,
    "E_bc_int_ub": 1.6253415992045837,
    "E_bc_int_ubdot": 0.004115418737162998,
    "E_bc_sum_ubt": 0.004051183299753225,
    "E_bc_sum_ub0": 0.7681372371179295,
    "E_ref": 0.9432444011479637,
    "N_SP": 37
}