{
    "E_init": 0.5167898293317074,
    "E_PI": 1.4711749533160403,
    "E_bc_int_ub": 2.566830287327229,
    "E_bc_int_ubdot": 0.007671766384849209,
    "E_bc_sum_ubt": 0.002812749212021522,
    "E_bc_sum_ub0": 0.7532283318230072,
    "E_ref": 1.0786065410621561,
    "N_SP": 66
}