{
    "E_init": 0.5153448417362707,
    "E_PI": 1.4324990534361395,
    "E_bc_int_ub": 2.4502519229537016,
    "E_bc_int_ubdot": 0.007245911216806311,
    "E_bc_sum_ubt": 0.002954186339089697,
    "E_bc_sum_ub0": 0.755340326564914,
    "E_ref": 1.0685534316262586,
    "N_SP": 62
}