{
    "E_init": 0.5032244394086363,
    "E_PI": 1.08265444966028,
    "E_bc_int_ub": 1.2087153332195082,
    "E_bc_int_ubdot": 0.0027379521734356765,
    "E_bc_sum_ubt": 0.004478198060906463,
    "E_bc_sum_ub0": 0.7735330611288632,
    "E_ref": 0.8600651672912751,
    "N_SP": 27
}