{
    "E_init": 0.49901505826952003,
    "E_PI": 0.921302153902031,
    "E_bc_int_ub": 0.6776759082376909,
    "E_bc_int_ubdot": 0.0017976216181571523,
    "E_bc_sum_ubt": 0.004618427241985064,
    "E_bc_sum_ub0": 0.7800581056621688,
    "E_ref": 0.733775698650516,
    "N_SP": 16
}