{
    "E_init": 0.5039294470139809,
    "E_PI": 1.1126960455059771,
    "E_bc_int_ub": 1.2949235955076777,
    "E_bc_int_ubdot": 0.0029892226036252766,
    "E_bc_sum_ubt": 0.004410035088778159,
    "E_bc_sum_ub0": 0.7724508725520439,
    "E_ref": 0.87817704317607,
    "N_SP": 30
}