{
    "E_init": 0.5046354423212029,
    "E_PI": 1.1344738235631413,
    "E_bc_int_ub": 1.3798576999416816,
    "E_bc_int_ubdot": 0.0032566361850058507,
    "E_bc_sum_ubt": 0.004331564654802708,
    "E_bc_sum_ub0": 0.7713701979791824,
    "E_ref": 0.8955360449346718,
    "N_SP": 32
}