{
    "E_init": 0.5096051816040201,
    "E_PI": 1.2767987410123387,
    "E_bc_int_ub": 1.9275473602283741,
    "E_bc_int_ubdot": 0.005272098530995281,
    "E_bc_sum_ubt": 0.003639922344298744,
    "E_bc_sum_ub0": 0.763847690530523,
    "E_ref": 0.9968988917591463,
    "N_SP": 46
}