{
    "E_init": 0.5110340756306047,
    "E_PI": 1.31601019446122,
    "E_bc_int_ub": 2.0677157836529663,
    "E_bc_int_ubdot": 0.005815310201045029,
    "E_bc_sum_ubt": 0.0034453036541964295,
    "E_bc_sum_ub0": 0.7617119084872755,
    "E_ref": 1.0193934604860406,
    "N_SP": 50
}