{
    "E_init": 0.49414859531481964,
    "E_PI": 0.3672906041445045,
    "E_bc_int_ub": 0.07977512464391365,
    "E_bc_int_ubdot": 0.0002705061846917005,
    "E_bc_sum_ubt": 0.0042387478625284135,
    "E_bc_sum_ub0": 0.7877402561523473,
    "E_ref": 0.5294332014075188,
    "N_SP": 37
}