{
    "E_init": 0.5131849323856804,
    "E_PI": 1.374391615030865,
    "E_bc_int_ub": 2.2655558081047453,
    "E_bc_int_ubdot": 0.006565728236755088,
    "E_bc_sum_ubt": 0.0031832657027792,
    "E_bc_sum_ub0": 0.7585194273749108,
    "E_ref": 1.0474840639948668,
    "N_SP": 56
}