{
    "E_init": 0.521879267172174,
    "E_PI": 1.606653653876139,
    "E_bc_int_ub": 2.935826638788089,
    "E_bc_int_ubdot": 0.009080809272117267,
    "E_bc_sum_ubt": 0.002328567928703854,
    "E_bc_sum_ub0": 0.745882746329137,
    "E_ref": 1.0892045535187957,
    "N_SP": 80
}