{
    "E_init": 0.4969235901822286,
    "E_PI": 0.7817192292036268,
    "E_bc_int_ub": 0.41459980446650774,
    "E_bc_int_ubdot": 0.0012572768639981984,
    "E_bc_sum_ubt": 0.00451440402877258,
    "E_bc_sum_ub0": 0.7833412394607215,
    "E_ref": 0.6558777768377445,
    "N_SP": 12
}