{
    "E_init": 0.5025204181233541,
    "E_PI": 1.0667319060285934,
    "E_bc_int_ub": 1.1214389234365574,
    "E_bc_int_ubdot": 0.002507413965212623,
    "E_bc_sum_ubt": 0.004534698720083133,
    "E_bc_sum_ub0": 0.7746167658307298,
    "E_ref": 0.8411801173279246,
    "N_SP": 26
}