{
    "E_init": 0.5018173817782523,
    "E_PI": 1.042023982634036,
    "E_bc_int_ub": 1.0333325710016807,
    "E_bc_int_ubdot": 0.0023028091659285568,
    "E_bc_sum_ubt": 0.004578498781702871,
    "E_bc_sum_ub0": 0.7757019887817055,
    "E_ref": 0.8214956202472609,
    "N_SP": 24
}