{
    "E_init": 0.518964911089222,
    "E_PI": 1.529185184392005,
    "E_bc_int_ub": 2.73239161277419,
    "E_bc_int_ubdot": 0.008286374285209128,
    "E_bc_sum_ubt": 0.0026061564806274078,
    "E_bc_sum_ub0": 0.7500714070121316,
    "E_ref": 1.0876883241765294,
    "N_SP": 72
}