{
    "E_init": 0.5011153289953793,
    "E_PI": 1.0156831209321335,
    "E_bc_int_ub": 0.944644075309814,
    "E_bc_int_ubdot": 0.002130384609659297,
    "E_bc_sum_ubt": 0.004608916278303527,
    "E_bc_sum_ub0": 0.7767887321088275,
    "E_ref": 0.8009753100231979,
    "N_SP": 22
}