{
    "E_init": 0.49553415025338604,
    "E_PI": 0.6808781065070029,
    "E_bc_int_ub": 0.24432210601089652,
    "E_bc_int_ubdot": 0.0007884157750777147,
    "E_bc_sum_ubt": 0.0043929068074111295,
    "E_bc_sum_ub0": 0.7855376684968621,
    "E_ref": 0.5961967381987836,
    "N_SP": 7
}