{
    "E_init": 0.5182388685620531,
    "E_PI": 1.5098442100111418,
    "E_bc_int_ub": 2.6784341248335637,
    "E_bc_int_ubdot": 0.008083865831280417,
    "E_bc_sum_ubt": 0.002674857949328243,
    "E_bc_sum_ub0": 0.7511222423950803,
    "E_ref": 1.0854519652125132,
    "N_SP": 70
}