{
    "E_init": 0.5175138417832325,
    "E_PI": 1.4905085314434703,
    "E_bc_int_ub": 2.6232477745273566,
    "E_bc_int_ubdot": 0.007879172152679872,
    "E_bc_sum_ubt": 0.0027436051066995746,
    "E_bc_sum_ub0": 0.7521745499778644,
    "E_ref": 1.082428225400628,
    "N_SP": 68
}