{
    "E_init": 0.49971416861415063,
    "E_PI": 0.9560061277946015,
    "E_bc_int_ub": 0.7665569837503735,
    "E_bc_int_ubdot": 0.0019068955192768453,
    "E_bc_sum_ubt": 0.004628693226999922,
    "E_bc_sum_ub0": 0.7789667884145637,
    "E_ref": 0.7571998514251156,
    "N_SP": 18
}