{
    "E_init": 0.5139038944470328,
    "E_PI": 1.3937808164933145,
    "E_bc_int_ub": 2.328493019089873,
    "E_bc_int_ubdot": 0.0067992693984398195,
    "E_bc_sum_ubt": 0.0031038244931269215,
    "E_bc_sum_ub0": 0.7574582431788499,
    "E_ref": 1.0552985946240199,
    "N_SP": 58
}