{
    "E_init": 0.4976197704209414,
    "E_PI": 0.8380382829112828,
    "E_bc_int_ub": 0.5014720642279997,
    "E_bc_int_ubdot": 0.0014644961694168488,
    "E_bc_sum_ubt": 0.004560454981855332,
    "E_bc_sum_ub0": 0.7822453290417686,
    "E_ref": 0.6832575592124875,
    "N_SP": 12
}