{
    "E_init": 0.5196919707877828,
    "E_PI": 1.5485342747260407,
    "E_bc_int_ub": 2.7851169730104206,
    "E_bc_int_ubdot": 0.008487075871639755,
    "E_bc_sum_ubt": 0.002537267105414956,
    "E_bc_sum_ub0": 0.7490220417693809,
    "E_ref": 1.0891542310367104,
    "N_SP": 74
}