{
    "K": 6.549168417882082,
    "mu": 0.0006560143802211379,
    "L_f": -1.9739208802178716,
    "delta_mean": 0.006560143802211378,
    "r0": 0.005622300977064986,
    "M": 1.0
}